Samples,H_6h_1,H_6h_2,H_6h_3,H_6h_4,N_6h_1,N_6h_2,N_6h_3,N_6h_4,H_12h_1,H_12h_2,N_12h_1,N_12h_2,N_12h_3,H_D1_1,H_D1_2,H_D1_3,H_D1_4,N_D1_1,N_D1_2,N_D1_3,N_D1_4,H_D2_1,H_D2_2,H_D2_3,H_D2_4,N_D2_1,N_D2_2,N_D2_3,N_D2_4
AHR,4.83353328686984,2.8981226123954,4.03965316659841,3.99232958232541,1.41231938625579,-0.833285397401068,0.260071414986933,0.625544531544243,3.1052247301342,2.63208983717504,0.12495017113237,-1.39726922639343,-2.22494588547036,2.45948422117125,2.16606460998844,-1.86184816341583,1.73418312239044,-1.78174870149892,-2.67914227525327,-1.84701127648739,-1.76511886180611,-0.492083966548405,-0.601231822572526,-0.488308693426176,-0.580583302244366,-2.55581562017541,-4.48012157040944,-4.69903336139468,-3.14279409500821
AR,-0.238744618335412,-0.0557822545336741,-0.0319193350004079,0.573734579306704,-0.943527510392103,-1.4989394306197,-0.915424744412022,-1.85888701957467,2.34637325421847,1.20765763121978,0.109715442398113,0.267101255875634,-0.781487017166055,1.19434834867856,0.563395427910707,0.885774656641601,1.93475567331088,-1.98389278082199,-1.20457089143624,-0.940888174459096,-0.721537268041434,0.683311984663992,1.22135314201588,1.29672768225061,0.985483400519301,-2.32572492982912,-2.03535265969966,-2.13369041104525,-0.556620595653272
ARID2,3.92467251538747,2.02132978242302,2.72304155195169,2.7886963361872,-1.65096562496137,-3.42379335988416,-2.56440885325814,-0.883302899508679,1.39172444265176,1.35803517278799,-2.87502242650062,-3.54452838013265,-2.71417383220098,3.34200300682433,2.42671429059333,-1.91231710067224,2.67901871266492,-2.46855753320687,-2.29032110212967,-2.32157777323246,-1.57136308348117,2.41573197499897,2.90248790210435,3.31503957681508,2.80022812452565,-2.42645012437344,-4.1304925557428,-4.04446033089784,-3.38996861838957
ARNT,2.53120900434548,0.556588307159338,1.25306650336579,1.33411999282757,-1.46652314281117,-4.83214174467876,-2.91533539486959,-1.44005096165768,2.90327637056591,3.05760328854033,-1.36433559746417,-1.11857991296915,-2.59657378714766,3.77568952835285,2.8548762660111,-1.66857585479991,4.45680883051426,-1.64687106991848,-3.59840021887086,-2.75891915601707,-2.35038199007445,1.59126087682823,1.7217375580593,1.91280044010865,1.73605678910014,-1.46746802395023,-3.02081453821305,-3.36418630637267,-1.6170956042757
ASCL1,0.491312489195619,-0.184396275084196,-0.498770932269653,-0.553693234391061,-0.718834163741877,-3.31382928462396,-2.5632293499071,-2.40968877601742,2.83834215836794,2.5508682528693,1.16229459272321,1.62880237415525,0.618607746719246,2.1732790554344,2.50742870484382,-0.919713344093371,2.90594657299022,1.01984350330882,-0.294593625470091,-0.792042172284956,0.818917913957336,-0.71053489342025,0.431421790091792,-0.658548946151381,-1.3648151897635,0.89671082806123,0.039628627929125,-2.32797236877131,-0.611345863857165
ATF3,-0.887873510556479,0.461906128842746,0.454693052248337,0.330765274722375,3.03524655587449,3.76520677248709,3.13931555754556,3.09382511001498,-1.52299393336051,-0.195920089452989,2.78138688192711,2.10468674675008,3.15923622891453,-4.17179819254003,-2.77397755120129,-1.19553517057104,-2.81145768689893,1.78477533366703,0.851306610843993,1.4398207494266,0.738991634962552,-3.40696542002038,-2.94669041771715,-2.93614499799254,-2.4537150174198,2.56465896911889,1.92455243840972,2.56577971017233,1.8209500019792
ATF7,2.20251437472041,2.14415598581797,1.59995053548578,1.9524874712718,-2.59038419257499,-3.67981955772666,-2.48257522562859,-1.50112183377266,2.93363905921665,2.20740999621639,-2.42255762760879,-1.87314708164199,-3.03093701523399,4.15640050986991,2.92558304086469,-0.121982548250953,2.64845485154575,-1.52545355358532,-3.89762622652884,-2.42552776099085,-2.90422360526336,1.76850507779064,1.7166304375689,2.28764796958172,1.04113196043434,-1.45497799273622,-3.5728407005976,-2.75185522860284,-3.30650806494881
BACH1,2.41172021188624,1.34945890325199,1.80029897148684,1.94300158799355,-1.97819050550575,-2.08867124993573,-1.95254688536152,-1.86317481770696,2.24856322572302,2.04591625178987,-2.20066198036929,-1.41817636567569,-1.76931163478661,1.19480386275819,0.872673924017556,0.0602337578167872,0.82006762796529,0.154046507588337,0.212773184622049,0.780137902108356,1.03729041531734,-0.072046465277576,0.314468606164095,0.64732517955483,0.370390323844905,-1.55450418157439,-0.938151635099878,-1.64565277307036,-0.535065670673353
BACH2,0.879348298527235,-0.252087310507145,1.21856824458603,1.34560228616229,-2.85271314477284,-3.35698511828117,-3.00452867716559,-2.95194901657905,1.65167714876919,1.79085493656013,-2.46237815221028,-1.7794106256006,-2.30942075013611,3.31164899432554,3.0004240289237,1.48145852394611,4.08752124154791,-2.09323588914444,-1.29009771884554,-2.04162091166552,-1.7514926776801,2.27766862394963,2.76211704574963,2.85804325904638,2.64006390771106,-3.70764037025268,-2.80145947784869,-3.45619918534512,-2.4309975110974
BATF,-1.29171355907726,-0.776225047314734,-1.21460876456306,-0.316135158488169,-0.793564782202442,-0.661776223690695,0.0806880575599628,-0.605749973683186,0.034665033767614,-0.242387288449105,0.220199873224819,-1.09799734170203,-1.00095279600799,0.982561391504643,1.01383136763578,-1.05855718231656,1.33871064449386,2.19267016621416,1.81797230272952,1.77435914526482,2.82629794611714,-0.113186900593364,0.240453867503407,0.936748514683911,0.806762688909477,-0.738206304503492,-2.53179540055603,-1.74803568415311,-0.654298802318534
BCL11A,0.571411870737389,-0.041687974463389,0.446308906940731,0.884493591664807,-2.44113264888029,-3.24871116453195,-3.11368677041327,-2.66399801517847,2.37020195550164,2.133490633318,-0.871553989221364,0.379441076334186,-0.649674692010322,2.03423864942048,2.45104365437479,-0.427037465726732,3.22996740054487,-0.722187221627372,-1.10697002888134,-0.657809094446506,0.207997133541191,0.861153144438763,1.59796329920244,1.57176648006754,1.38244359546364,-0.973338515983996,-2.49101072624819,-2.75164662486925,-1.67831141919341
BCL3,-0.474601857144253,0.0469516429799598,-0.565618245833297,-0.984758271487486,-4.2496258774315,-3.66243415438377,-3.73017421776291,-4.49488675602377,2.78700279929462,0.401036648317438,-1.53042088008094,-1.8132049681082,-2.9637378562351,4.52482466048775,3.33276293043731,2.35288171514896,2.47503363665054,-1.33777752972296,-1.80767365706278,-1.99208186334975,0.278296684629282,3.60920722941736,3.71324022902699,4.13364150058081,3.83462960720279,-4.29657420591336,-3.12337171333587,-4.48803613704904,-3.65743592009178
BCL6,-0.803497902546257,-0.367258351598075,0.157177090935642,-0.882315466256018,2.22803618328846,3.69970438913516,2.69296750883623,2.85306343547177,-1.33211934188315,-1.38671324295107,1.65891911189463,1.76990491982527,2.76320970833248,-2.79286835000606,-2.00775379436923,0.186238554472334,-2.618313476394,1.63544234700255,0.869086567619892,1.26560113379553,0.871659848307616,-1.57271301889387,-2.35606264593952,-2.83761482897556,-1.76964178531474,1.66283167685291,2.11336780646166,2.6337630037049,1.74784006049704
BHLHE40,-1.08576478426838,-1.15303436451399,-0.920182228188407,-0.549769080968537,4.45316009925804,4.23497751484401,4.83932022405584,4.99206766382557,-3.26700561247481,-2.10882456303741,1.5360883778088,-0.0178648951843814,1.13114234655252,-3.36530948304167,-2.41834739599634,-1.02864951192562,-1.73870158569816,0.175824544591,0.354907482542395,0.104905398655015,-0.749103250074585,-1.89218835396023,-1.58741258943237,-1.6111403469285,-1.18812964176427,2.76434331327117,1.90819702210443,2.88359203639175,1.74085360390756
CEBPA,0.557885788546352,-0.0966279273389553,0.50355916836802,-1.22021487003412,-2.08688440631536,-1.52979861677831,-1.9196526060578,-0.67643820158639,0.527825858474654,-0.355913942469305,-2.1089783257514,-0.694100050365052,-1.84091965312704,0.196934068980372,1.68556364819865,0.00786395130626198,1.52789025728092,1.05701733730731,0.722180829069873,1.16992324229103,1.20321356277542,0.283768001060861,0.638044910959069,0.397776987454251,0.439650652869045,0.319313136376533,0.924062654061783,1.38081743007998,0.835144427653449
CEBPB,-1.15607724871053,-1.46226877562945,0.56396314854289,-1.12057503407633,-2.90388391891531,-1.68833677930782,-3.0278659923303,-2.4762425892936,1.41419483910258,-1.08260209510038,-2.65387472794099,-2.07640728857288,-2.31350336260109,1.61164636089948,2.46332820656171,0.425112958290707,1.62887612387666,0.985488460300337,1.44464929784842,0.697212812985315,0.533906289027386,1.72863481942781,1.62836405993052,1.42603036979375,1.57431278772665,-1.06841169521103,-0.0174485782363641,0.598809851724429,-0.570386479767237
CEBPG,0.133536268945947,-1.86896935613034,0.44711923688746,-0.738080087614373,-3.3974642310133,-3.92342864284594,-2.13055935567557,-2.69203127282214,0.0674454045002154,-0.559567880652595,-4.56895554976913,-1.94326469309419,-4.03247772777039,2.81825973727636,2.75369208848007,-0.20493655107202,3.2108453748893,-0.626883534474223,-0.509078704174267,-0.835873206748516,0.353518243017663,0.801909942562803,1.64691585453915,1.75391908682959,1.20718336883995,1.04703414070548,0.969910244457964,0.471531636199159,0.657956054102849
CLOCK,0.897519302725776,0.395827919945058,0.596170251687344,0.914679052316261,-0.65758217630402,-2.46772630189648,-1.79490287812459,-1.62285080904279,0.362551854560069,0.527303125887156,-1.32699435630947,-1.52906930261816,-2.01883863465834,1.50433013484819,2.45656807341689,-0.876565799499682,1.77868307956996,0.257782622901198,-1.28200991407286,-0.660947497601487,-0.934974836599473,0.853193476737356,1.53356691585283,1.23241799377952,0.558274832520219,-0.72434619127968,-1.06507080053106,-1.93157663859777,-0.0904616996487334
CREB1,-0.491627782381404,-0.431590529494162,-3.18263061327005,-1.28451997634234,-1.82108923380077,-2.2124695394497,-1.68284783203386,-2.51261765102021,1.61716211671354,-0.7231018437425,-0.785803967770973,-1.05291704974391,-1.34043189071009,1.41892002491934,1.18607515962856,0.934794684335103,3.23213463873236,-1.28469076711801,-0.288082357102081,0.0815989977999328,-0.823138044662398,1.53941709524767,1.46584541123286,2.17035955343867,1.34133197997847,0.0360104980928127,0.0493230623762282,-0.0506968165113504,-0.528988330636341
CREM,1.68005740119739,0.878035265527165,1.34867746080991,1.61807418698231,-2.54020427026473,-3.4496043835407,-2.40856256950362,-2.81222930520628,2.12051954417363,1.56761219966424,-2.47235276981929,-2.37546388745226,-2.88491315312384,3.35170732013258,3.20822337342727,0.800592419520598,1.99754435096051,-2.0548138675225,-1.79646036774616,-0.862668127449079,-1.37637638224434,2.13953961565645,1.98843233063759,2.8345454817517,2.30573204857936,-2.71127950735003,-3.10401526768,-3.58220336952293,-3.13593813950566
CTCF,0.642301480373842,-0.0859262463961714,-0.828585810197748,-1.21283161286346,-0.828106376889216,-1.01514932282795,-0.947469773072121,-0.59670143306616,-0.546816349137711,-0.231729550127239,1.17178190916087,-0.266011874111542,0.0121245759173813,1.68226676634523,1.77068737823198,0.0296312409976579,0.668190909435224,-0.352813816566166,-1.66036321761676,-1.744330549242,-1.03063266343998,0.342870574488316,0.297044202523116,0.286719506359123,0.447829743971365,0.171529622931706,-0.665298898921641,-0.476536988860439,-0.738384052931747
CTCFL,1.31474337149435,0.641124866701591,0.36113230014718,-0.266404056981431,-2.7161719188187,-3.33885745077841,-2.17240803074511,-3.80595298098387,3.50919208143306,1.02313960124857,-0.842412236328323,1.1018079513087,-0.548756982031662,3.21652983509085,2.83546928102166,1.28119010804606,0.896115883915595,0.123713603308243,-1.37144647400043,-0.552594123348693,-0.315597355523068,2.57096883964295,1.81921157226403,0.721382852074261,0.669101442675684,-1.86419958193854,-2.05640314648871,-3.06374265948677,-2.45275902999477
CUX1,2.41467969757258,2.09150005803157,2.32983909265263,2.77210560098217,-2.27618864143431,-2.60060550242887,-2.47228318481999,-2.2758710593961,3.58994588522669,3.64312147534169,-0.488394310951706,0.162626533821164,-0.65081162055846,1.9989960018705,1.69474478880248,0.305804625085093,1.97985419668232,-1.15076053664054,-1.35643609645506,-0.615656076885877,-0.83078759241171,0.296521903152969,0.335496778331714,0.581934109434401,0.478476948012736,-2.53581184999868,-2.8324734586827,-3.49258770713933,-2.3846669038231
DUX4,2.4391756155621,2.68020896521966,2.4743036322572,2.1019267301105,0.494302296466969,-0.268841153705358,0.754418480294922,0.966851445408883,-0.0254526110701941,0.375360839209773,-0.781953849900849,-1.57335523918595,-0.691465462085029,-0.660361568547361,0.22138287895173,-3.24203618090891,0.745995868328055,-0.102853661529135,0.0145507670341732,0.908891975061589,0.056807083548182,-1.02625488428228,-1.2636596363121,-0.555895958555744,-1.1707415565521,0.524958885116414,0.704953534721057,0.643065542304093,0.649383542024658
E2F1,5.52414146924381,5.35789095803292,5.75483573828155,6.30298754672956,1.56915951766572,1.68031489551762,0.620601713435791,1.85850046851227,1.18730457326641,1.85182043169828,0.503975906403853,-0.0116003764878558,0.568723948384462,-2.21024217014398,-1.90842132113966,-4.76915880996158,-2.08621483723229,3.8597938364181,5.31848519291321,4.01428306909746,5.07980134851659,-4.14447425565355,-3.50352550257226,-3.14551507045794,-3.53813034721109,-1.15129833178401,-2.3536547150569,-1.54228926559546,-1.83429559352374
E2F4,4.66356667033944,5.45899787172315,5.58997263928869,6.01342801225574,3.84070119879552,4.42462338836476,4.46111064018406,4.53455273470682,-2.04862826470267,-2.40762934138238,-0.1371873732545,-0.925558589633213,0.653760762933734,-4.88448606435933,-6.92916670787899,-5.34341457272115,-5.83847254114943,7.25007106421644,7.48590478538879,7.17359102710183,6.08153445472136,-2.41210172230056,-1.99053795898648,-2.0927910887481,-1.57095066326728,-2.81006255316477,-4.66053071529677,-1.29502226459022,-3.18135086789678
E2F6,-1.28123739358582,-1.12205665813422,-1.25669885016242,-1.2432210445848,3.1693911206496,3.33000332413738,3.59632050915846,4.18025116946972,-2.54266349940632,-1.84604045071377,-0.123443041843548,-0.277256480958496,-0.0588546993393505,-2.00153288656981,-1.76256702017621,0.124408864923289,-1.16141590302018,-1.1785256985352,-0.0945382763530984,-0.919872792227216,-1.34402014242031,-0.915154608121264,-0.719309524929703,-0.677900667768362,-0.162471208499702,1.39086267747407,1.36207542176044,2.8486522104873,1.50903839583333
E2F7,2.08021827083786,1.97732805793668,1.84873456000578,1.80607423580401,-0.20100217491584,-0.811616468225044,-0.107438870235951,0.122146442755884,0.730163067599227,0.361612488681505,-0.19469690941761,-1.17600782782971,-1.15453337591477,1.89179940414545,1.14887920682983,-1.14563743324994,1.43627366377986,-0.382608662955573,-0.824424026131998,-0.441753373927218,-1.01194663271362,1.02783370221803,1.17792958123838,1.15456400679545,0.793159321613494,-3.20246743900216,-4.29125512276364,-3.75987920691295,-3.69270349614791
EBF1,0.54938191028682,0.735886552916327,1.27093539300573,2.1050415658752,-1.92944075960723,-3.870099070578,-2.89261913138532,-3.40219939018842,2.99309803855804,2.34516510261279,-1.46454994572518,-0.521108595637667,-1.47825184670132,3.22531988796178,3.21751089198401,0.578088760334945,3.41781388667369,-0.760497340074075,-0.821560575453789,-1.29553771796907,0.031168294041887,0.271924335674684,0.649927361388342,0.0473899077367424,-0.375960152698221,-1.40176248841638,-1.4903351479661,-2.81792400527341,-1.36154345096895
EGR1,1.81982209705938,0.837343593336212,2.07993573748487,1.09867321119735,-2.17712434375085,-2.4416605931193,-3.48196015615447,-2.0524729417365,1.75907241487678,1.60230028021762,-2.26796160010453,-1.89084625486867,-2.14762910016214,2.88908033529586,2.36841542730581,0.52381681566625,2.52264339165392,-2.44802622566632,-2.3431876938175,-0.916196523928084,-0.214602458765785,1.36732652500568,1.26660374526594,1.91180118329552,1.98204945735454,-3.09807342167906,-2.60049688737395,-3.46640585619965,-1.64533499708001
ELF1,-0.78798612736303,-1.53009785382267,-2.57556889501078,-0.898843117758925,-3.93449006181064,-5.32873691342498,-3.65340252258987,-3.20267621489369,0.575673404342445,0.04136396627889,-2.08853194592386,-2.02743453719484,-3.11726017287726,3.10352017486173,2.12410688313132,-1.03331536397537,1.7458752491483,-0.227262836109526,-1.10153039794785,-0.492870904972734,0.0149349996291672,3.50559007603844,4.78097593380221,4.26759493669033,3.96727971197441,0.0750299850689635,-0.960642765774361,-1.58366659872695,0.109246968857244
ELF3,0.482876165711769,-0.481909925800955,0.423169592186044,0.369464560847066,-3.5884838620161,-3.58671419499908,-2.87149141147689,-2.69271900619544,2.76068066056821,2.57899303039508,-2.32069547940755,-0.776530827687803,-2.77875926411414,3.04489614526004,2.44226807124573,1.07104704710238,3.75112842493219,-0.742121361216029,-0.186670502614434,-0.187318808030086,0.477095498189915,0.265755660131235,0.697188005979071,0.521120124283561,0.534038988361435,-0.886509453629138,-0.673881146724625,-1.3085412282937,-0.463219255384562
ELK1,0.647949761067604,0.113046982156245,0.336449019603292,0.18972137044834,-3.08029475207845,-3.79344707168924,-3.85096787483481,-3.60867362136263,2.61808337024026,2.85619878651779,-1.96151612225524,-1.83966183382366,-2.71994205549902,3.52272975046376,3.23064318114387,2.52030350645767,3.17655909848974,-2.20757071814301,-1.18961218197056,-1.36931218458384,-0.924367861959157,1.33080864485824,1.83696098614894,1.43608673653451,1.39671855637564,-1.88327083524131,-1.03778221846748,-2.77177372431424,-1.91507406569699
ESR1,0.0340687162683047,0.160957728601845,-0.103683713338446,0.256170365522361,-4.95249448709561,-5.47598091649091,-4.82953558143134,-5.59963376875304,1.96133533762914,0.630244276357346,-3.57941836557936,-2.76955075243505,-3.76631813640893,4.14396975497475,3.18636472219029,1.22788973954445,3.86209302241719,-0.73396881809187,-0.65897797518504,-0.400465020328453,-0.0750442071263275,1.69647592784686,2.10893993028712,2.75041100845619,2.1635854263102,-1.21451915864766,-0.500870311162844,-0.808930446120624,0.394667549021482
ESRRA,-0.919435109604224,-0.736020669418584,-0.443418512977235,0.227888389310865,-5.82632504664931,-4.92884631466214,-5.3232282514848,-5.69484166982086,4.5620981494169,3.082290687045,-2.37102976442814,-2.07298807901463,-3.4341433282563,3.81075386648049,3.48712019808491,1.97480941508225,4.53103388090254,-1.39062451813432,-1.34696397847593,-1.18566942570398,0.346415070208666,2.33873406699706,1.58227488365782,1.38936517592442,2.06213856251108,-1.37619890915846,-0.45997341276765,-1.39331823152095,-0.588130765945799
ETS1,-0.161089843670275,-0.86177250610351,-0.333739272035772,1.14326413903658,-1.69666782502562,-2.17930110406503,-2.10707971821599,-2.61849981529735,2.61708095532309,-0.0292624822986095,-2.30782502484232,-2.08419856494499,-2.24134957563493,4.14653520803041,3.19504909366574,1.69552188528825,2.67713949049175,-1.03646629219133,-0.439020918767358,-0.355069339954664,0.792400138186025,1.65732170616923,1.42041207385979,1.44909678928015,0.845630187475837,-2.67571727808971,-2.73463278615128,-3.00396895965585,-1.32673182202148
ETS2,1.16980406279906,1.12154924032449,0.194196198193219,3.133110132931,0.827831761992211,-0.126266667814107,-0.0408128957402302,2.17276287691891e-05,1.27884803281669,-0.934056096048431,-0.917712892293403,0.679777872220813,0.439221425727291,0.437029719241998,0.341757280101028,-0.334118890044315,-0.699314734397233,0.447654481964555,-0.355410376002126,0.651196335904881,0.231980122282066,-0.231366615136713,0.0964368860960395,-0.480609052006862,-0.204094380022795,-0.875545304302385,-1.6255398041753,-1.84222962299325,-2.22143576344923
ETV1,-0.661960738961555,-0.494411639875819,-1.53056816080529,-1.10629330585816,-1.96008026049256,-3.14749107005606,-1.92348644811425,-2.05493222635993,0.0670908661895718,0.711805749513403,-2.0353115802887,-1.10330797564217,-2.09529640029547,1.97523594223202,1.60988720673645,1.28232742270553,2.30480729408554,-1.35411482473294,-1.54653125187027,-1.06498156905446,-1.94917433502707,3.01648156372113,2.68090777352342,2.35478415180772,2.07595581123989,-1.03976955489096,-0.148046819268125,-1.15506983331428,-0.983123169621602
FOS,1.43377454626185,0.717488300371951,1.46862528151193,0.786910344460505,-2.81180580030142,-2.57974914539711,-3.83239907757071,-2.80788367248734,1.81682245495332,0.995298615404953,-2.40292026419836,-1.82409167509424,-1.39430342655739,2.48616431070151,2.56281036383832,1.1439514630697,2.6834218673717,-0.697206832410376,0.402119140323322,0.128645646181387,1.29404053649981,-0.176240858950732,1.20473167252588,0.952371609255982,0.796213333953222,-2.46141010424291,-0.844993291406046,-1.29380870064407,-0.999184463240182
FOXA1,-0.030251266890657,0.0968097005785463,-0.51437748145423,-1.14430835308227,-0.554530153661991,-1.1310451604554,-0.506357369306506,-0.802695643493765,0.239573377176735,0.964737491496641,0.0652777337207527,-0.399240502033358,-0.637404857359648,1.2102576301563,1.28733163824682,0.829862947577927,1.33443981342459,-2.06478147750918,-0.796419764144219,-1.41736151044586,-1.48135966035831,-0.141018050716449,0.264090783202537,0.360157711369879,0.178820853972596,-0.235582630320934,0.0932523559542199,0.0632613253820827,0.623186374470378
FOXJ2,1.92161030193028,-0.411231629405815,1.53779177743279,1.01745416120706,-2.53308210583721,-2.8002916531167,-1.22897360471146,-1.24729889490135,2.09054754672528,1.2113961309668,-1.61422987916362,-2.5917595849222,-1.75037039911891,2.7807847128291,2.39773170591475,0.650292263579935,2.5360766676235,-3.85762949000102,-4.05706307289348,-3.63292243906726,-1.89426511253353,2.26970968701305,2.707483416607,2.84390148151478,2.69524251901439,-2.78231754721805,-3.20114521629643,-2.46154897526301,-2.16150753600843
FOXK2,-0.113374918183456,-0.0741376674654047,-0.543889353762742,0.536397657019942,-1.66142381038361,-1.87671176673539,-1.21715193171627,-0.816033783821333,-0.213894547260091,-0.700810826951875,-0.094738486330158,-0.144021099896533,-1.19168397542762,-0.00723632847990043,-1.4870485628342,-2.97656427362662,-0.79898581002078,0.0513568368067435,-0.680049282530469,-0.745980816384304,-1.00701091714832,2.09660269790763,2.78659052669126,2.59976585447558,2.41228223719482,1.04368888085728,-0.0837652881257351,0.192695583085582,0.83038657965136
FOXM1,2.68297037785936,2.65394499870532,2.05700809010945,2.65292895586911,1.26102111830688,1.27752339493131,1.58138937651451,1.53940029938963,0.122081684103706,-0.756970792289895,-1.42418465468147,-2.14814632047496,-1.54633033731555,-0.0834445482509477,-0.754698518481874,-0.548206305196246,-0.229757126077639,0.742430111137751,0.620241354384471,2.2095082314375,2.0113142585343,-0.477325346736312,-0.913068275732487,-0.480189933305991,-0.765082553936461,-2.3788184132542,-2.56229514670547,-1.32087444957553,-2.25672157703835
FOXO1,-1.27768871685586,-1.70154343053746,-0.682839093500082,-0.929916187715807,-2.9009963461556,-2.88935911389301,-3.83174793810407,-2.48078751992455,-0.555720736480493,0.812201846789053,-2.62270418795943,-2.02656164264719,-2.75408626918122,2.0500866101588,2.11584130379335,1.2552952680943,3.0231673847841,-1.5730464729822,-0.598631855109304,-1.24113932148064,0.571221069312808,0.130316009314037,1.02399021719912,1.6764485471928,1.29395443764564,1.74077029264756,2.16455214742644,1.54869254141379,2.58107692718549
FOXO3,-1.74954121613061,-3.02550589003016,-1.60650220457347,-2.35466973942188,-4.64909783605814,-4.57934566475639,-4.85555699304523,-4.76070012884186,0.450771514799213,0.250980183746862,-4.13422999821162,-3.68031348322909,-4.12473551736045,3.18838814494216,3.10505482036695,1.86247435649329,4.49665822868355,-2.88597813481643,-1.76952986568684,-2.24492540945947,-0.130731288808995,3.28668356453358,4.23534932201469,4.17626250699592,4.8218680573852,-1.11495617045934,0.213869121951976,0.294411990111352,0.839966093623076
FOXP1,-5.63344320577659,-3.78183051429676,-4.65628318612581,-4.568629346497,2.80709848524034,6.59022463509136,4.15753197552331,1.58645197386893,-5.65391389307494,-5.32556457935142,2.51292471796682,3.01261930577781,3.41943229028446,-5.22529074939518,-5.22277901400127,2.7903703622974,-6.07274760948414,1.63624841313096,2.07142909568214,1.30849104331714,1.61260612174022,-0.227295308686633,-1.30607386212546,-3.11389391055596,-1.49000322250684,3.68727872905005,6.28642157378791,6.78699275344417,4.17132414817299
FOXP2,-1.76417899732117,-1.28142710174844,-1.81114683493566,-1.35062912139518,3.08019963890573,3.95517411667712,3.84191544506579,3.3268511288128,-2.25810635205626,-1.62653960399259,1.70400032293181,0.948612546818286,2.09049952952258,-3.04950764205912,-2.7810916867904,-0.679715767522638,-3.02875426906458,0.912147282256302,1.54337064010057,1.33351729746536,0.0537666459818095,-0.152861712544985,-0.664253394318138,-1.10782029608787,-1.47146612398028,1.43723647591468,1.09444928739172,2.11156767775585,1.18880807502566
GABPA,1.88757491902692,0.959955955894321,1.2408414941369,1.43863616612253,-1.79277349920644,-3.49795121301934,-2.16026656857214,-1.12390892749733,1.34872808074931,0.915403458624561,-0.811780731965454,-1.31807981668072,-1.56847831606748,1.11487239305304,0.451797488978942,-2.33347072087125,0.947898768684643,-0.61590261786972,-0.471615425366888,-0.638661561377437,-0.740644216888597,0.734686523534683,1.21087349754159,1.40053313860477,0.617948436171811,0.973227142297637,-0.497662287684968,-0.776903557385336,0.0557811295361766
GATA2,0.237690428546136,-0.797069515132063,-0.0123210940289826,-0.95693083341928,-1.58656961750344,-0.377427070957056,-1.10667968175228,-1.82960345461395,1.99550807838081,0.924973070228932,-0.474385117779187,0.386510757669051,-0.333079301322583,0.500488975765326,0.221624700502756,1.4315144025253,1.75464083396178,-0.630373142050914,0.0727584993198584,-0.231763292848445,0.489014443762204,0.2981084031872,0.119366588155229,0.24404878853472,0.0376383479684669,0.0536353478611241,-0.440090300875717,-0.629426693644439,-0.135774016089906
GATA3,2.39908590584688,0.485165287587511,0.897188324264492,1.26883386038139,-0.928128225672086,-1.97798391630595,-1.73593421998844,-1.09211012386186,1.03772004240808,0.650234770647999,-1.4551039302319,-1.90931239760953,-1.4540074881086,1.13626679731261,0.911871232241765,-1.22897669877512,2.70375274257404,-0.140200718435733,0.0467525907090568,-0.074767286121933,0.964077034750105,-1.11075686214202,0.340342548629209,0.925813415537901,-0.862107000495812,0.748934218917822,-0.456857701558857,0.543592021058906,0.191132793963174
GATA6,1.12443818473009,-0.301988574885199,0.808131095854335,1.09833534653297,-2.8510813887126,-3.79973032452399,-2.34022014376302,-1.93400347392263,2.42058476248384,1.90734483560552,-3.64511534551765,-3.11323649735675,-3.90299364171445,4.10772501036943,3.68751542187551,0.491829052911911,4.86028504481641,-2.51448135067006,-2.14430716075546,-2.11203195000437,-1.29799460494719,1.31234818376427,1.40876015980645,1.67429634113343,1.09246206963066,-1.21037356489588,-1.58782647876119,-1.64627105839682,-1.33818893028287
GFI1B,0.201998731944864,-0.686479817735858,-0.727569133912458,-0.335830645481839,-2.15697107884302,-3.25878807539381,-1.80715947714776,-1.89549024810493,1.5608626913456,0.96185587970121,-0.360974977653081,-0.233021730373374,-0.428487590106172,1.78000881286957,0.918912945510795,-1.32059204991802,1.48494848298517,0.129415823392078,-0.0972101770463015,-0.503107198116218,-0.475287434281368,2.0522452268911,1.94976298813632,2.19399842110353,1.79557604783911,-0.515324577847037,-1.26768262489398,-1.08235641468333,-0.704483886383721
GRHL2,0.615512110808845,-0.146268479751883,1.03926737276462,0.0465557227528276,-2.69003347881713,-3.6051329766471,-3.21655093295959,-2.5026425010276,4.56750784091451,2.89233982516851,-1.66908433238247,-1.5681450941028,-2.85664015568594,4.06920837246428,3.45109178207283,0.802985635115856,4.98948434178595,-0.383558485037587,-1.58446253271725,-0.977341779710932,0.164092965946578,0.612356834393432,0.92866156920821,1.14960061985295,0.971499449975872,-2.02993854089277,-2.32209003412426,-2.70177090766896,-1.07338326073458
HBP1,-1.70636983531596,0.191464248819085,-1.3705281251073,-1.75595008655189,3.23782610172603,4.22626593936978,2.52685250695754,1.85458780303428,-0.952742501874312,-0.868003703932289,2.64380430912232,3.0444319036335,3.02991425275381,-3.19567429988214,-2.48212270867691,0.45059116985989,-3.18433083809646,2.63626759916147,2.56150913868498,1.63598189785981,1.65421214850855,-2.39983392892561,-4.09723341871282,-4.4805633889528,-3.49739921970787,1.9893852232564,2.98214147510472,1.91599797352305,1.61539845155668
HIF1A,0.128814066718092,0.083133295740676,0.534679348224046,0.541531605349797,-6.73661687409093,-6.43831021608766,-7.50951054911475,-7.22931741735168,4.54945176157459,3.16495964276702,-5.09878073306322,-3.43581320058672,-4.25092907661001,6.0812298377321,5.28063422020824,3.41752889825013,6.00561801734839,-1.25802971838429,-1.07298023743484,0.76449107481222,1.44492282903488,2.87359177942793,3.40140292391417,2.73881448542218,3.76500248009985,-5.10841256952153,-3.8130047037508,-4.02464154075015,-3.77878839730595
HMBOX1,-0.363129278962572,0.879296147550045,0.755943796010203,0.69516649319548,4.14909338496134,5.38601272028399,4.03677567231042,3.18440845719623,-1.92754095238822,-1.35562459663862,3.1194236209393,2.74343616507515,3.63184453651982,-3.92044158747917,-3.75059156239464,-1.06294898725772,-4.11822001803725,1.34441339008387,1.06127792261142,0.481669239328885,0.0916184704908768,-3.03449720857985,-3.52497338214091,-3.61481314309877,-3.10775474641871,2.18191851964574,2.67286140558048,2.87974018273355,2.34687112878734
HNF1A,1.1698902195602,0.813815225379854,-0.501816891437618,-0.00638693885920905,0.0707469858912404,-0.221679373248182,-0.994661063224167,0.785661214784321,-0.900627644170792,0.399340485725319,-0.77913151337368,0.362823161105365,-0.171563687363047,-0.253849377579933,-0.300226138315203,-1.43729884620234,1.22773519503779,-0.71521280392529,0.840451554615017,0.437662434609993,-0.61804970224761,-0.733682462959092,-1.36791222418556,-0.984111895056185,-1.67916138970517,1.69891104008092,2.58931899740827,3.45523916747987,2.86060115227345
HNF1B,-0.498207463361105,-1.2939674230663,-0.288905177823827,-0.317511852447562,-2.02541020476972,-2.15018214395949,-1.52683510772815,-0.641581305154953,1.11825804937163,0.440848045293813,-2.22287896700783,-2.67655956218946,-2.85854817568433,1.34183394070035,1.07233776646649,1.06931045220511,2.09536984535179,-2.40948081162374,-1.2204934417103,-1.07795526657755,-1.38447193466577,-0.13617951321712,0.252410082613075,1.61717015002768,0.988802513536376,0.884405116877063,1.87372464000951,2.34214071426888,2.27966473894402
HNF4A,-2.39270450551747,-2.017071600424,-2.35968818057432,-2.7462768710083,-4.41838139632224,-3.08434739787088,-3.31685009183415,-4.00698990890062,-0.544372790889794,0.933820588884848,-3.0598097047191,0.541452749396359,-2.17059091537219,0.193547428350588,1.22710476516562,1.07683198863041,3.01076380481856,-2.07387658995444,0.361588474287056,0.0064129432034079,0.140025433022051,-0.553337167715828,0.345537924007968,0.124953337084338,0.463143486854645,3.86200422418133,5.24399699846468,4.23399457100002,5.34816049871927
HNF4G,-1.68681589143176,-1.70709565272246,-2.01296715756563,-1.58387869117804,-5.60443887181957,-5.5472779550876,-4.50459486931667,-4.66098398098755,2.45805974679965,2.33359696669713,-2.69672227605478,-1.44276996955321,-3.8469585609527,4.49289898950198,4.39378272402263,1.8034619176091,4.73779920333625,-2.79745357679429,-2.07623535629456,-2.15266682173383,-0.241193786823967,2.26030219894827,2.54048196913811,2.3216275873671,2.48690320762532,-0.346778618536178,1.1920747238392,-0.0662766554381119,1.43718510354139
HOXB13,3.18714226837491,0.54374510007637,2.42990884624454,2.25045654139186,-0.558130354057182,-1.80641344064829,-1.95316963577275,-0.289974555878433,2.72388368510297,3.09279171810158,-1.01215977816971,-3.06534221360738,-1.7476449658786,3.49649487393605,2.70120266324188,-1.85385032511987,3.25407222540108,-1.96049440126718,-2.81768206690278,-3.30487255350627,-2.90659312193504,1.05098810340037,-0.209050933105821,0.565012791067659,0.591287456407005,-0.0623585194697632,-2.32977842318561,-1.82046158738342,-0.906309866803852
IKZF1,0.463468740421499,0.931100841070052,0.268268235840926,0.412030765353524,-1.6321878226091,-2.59859711362548,-2.2720511040486,-0.824523428036344,1.70565896511469,1.0154365961339,0.510038109041514,0.147093158587532,0.123629660489368,0.361403439093446,1.11864734051836,-1.93003284325216,1.23178599613439,0.936311404678849,1.33194980973334,0.87800170235162,-0.358567142786007,-1.03466521559968,-0.682025621725053,-0.340868681649152,-0.0990822019121983,1.16647015300859,0.302885919558464,0.350302392372205,1.15753377239331
IRF1,-0.968687316304419,-2.80216924253981,-2.26879325375189,-1.28308705302092,-1.16340584145522,-0.558702577298929,-0.405935463621401,-1.21597711031665,-0.811770905077805,-2.59689172355736,-0.0257567934396266,-0.549247220350071,-2.09379197344878,1.20829533828752,1.82155067358997,1.47930786327394,1.02629974711229,-0.502712009059305,0.107831530679133,0.00165951293472646,-0.482093876757441,0.443646866780329,0.756958599444253,1.35485821664334,0.503844644867656,-0.137408805637523,2.03129716386022,2.94585294240865,1.18046042541817
IRF2,0.845644885568417,-0.206480640010474,0.817966088786065,0.482714554655359,-1.60538918965732,-2.129790865163,-1.86248802448857,-1.86324948101661,-0.919504046501614,-0.996186308857116,-2.27176390157503,-3.32951504279643,-3.37425640212136,2.64666947207,2.53706539670956,-0.0640278484175046,1.55749173885197,-2.43123927713757,-2.36141327061723,-2.76808787665287,-2.1106465505299,2.15358531707897,3.55358284999655,3.9332025599851,2.72257216168686,-1.15724113580412,-1.90093598312272,-1.08191946095325,-2.26760305861899
IRF3,-0.480804256926268,-0.231392760105008,-0.102629230621876,-2.00315325964252,-0.59661977280887,-0.367932817199563,0.0281244448074397,-2.08536103329879,1.95422489508212,-1.10517084492131,0.489989102993727,0.863097716429057,0.272377156289673,1.33227362127294,0.752537234820851,2.9975260200755,-0.96809288454441,-0.842289416609177,-1.39399942121676,0.215165708017559,-1.0635051738234,3.378621685608,1.82270922424377,0.0964825222375015,1.18394427767757,-3.2835905162807,-2.07072924522547,-3.19011945102401,-3.62357707929044
IRF4,0.305839489091146,-0.320007887180495,0.536361903591194,0.495774008125045,-0.996870255562634,-2.74423870809171,-2.29862617377264,-2.21699608806933,0.772165189648387,0.669298303704047,-2.11634130767772,-0.569204060093725,-1.64650419010667,2.63681291453929,2.36260295041026,-0.76098090724129,2.81928456400696,0.243267614041383,-0.691400135454032,0.345800622014023,0.194977939524562,1.38218906397127,1.18767002266067,1.73112417624224,0.722405867955432,-0.942136652388229,-1.41188264875528,-2.19971533451285,-1.71443655165804
JUN,1.79423240183824,0.334494949235025,0.817999160292718,0.367215394823226,-2.7869315800246,-3.45893925205087,-3.91924669346288,-2.57262568656326,1.08493817251339,-0.307685267083765,-4.80818989656921,-2.64607706038242,-4.14588656566308,3.9826466446468,3.24716170830404,2.44280978686232,3.36492042604685,-0.523398842154425,-0.271085487508558,1.52557719869691,1.32786470500293,0.362624622216998,1.97566829837453,2.40500493713807,1.02592361014904,-3.49561321687692,-1.95720302163991,-1.29043790167694,-1.96413768002766
JUNB,1.06916014975849,0.491491893329153,0.462399476019396,0.858060339169205,-3.58033712629051,-4.08844687636753,-3.89161994628704,-3.68804155117217,3.38330221109106,3.2473940415689,-2.35709560821781,-1.3469280261848,-2.83122107899935,4.37901922195618,3.70081107730842,1.57024032645134,3.76503104325686,-1.81107834852374,-2.06093646800171,-1.03289745217118,-0.545682298939738,1.53162487421491,1.84211402038915,2.32941268682979,2.17471667704443,-2.80889730472793,-2.33910748170256,-3.14411384355593,-2.52912386823513
KLF1,-1.43905830427042,-1.53420414037106,-1.0955480499068,-2.08645827523071,-3.4304136956299,-3.2694659043272,-3.03942623093251,-3.44131037373155,1.81235964271455,1.07882052573367,-0.640374340020884,-0.0715405938177633,-1.2125449590684,1.83982070222066,2.50210487602019,2.08753727138888,1.8210590769726,-1.17523211234729,-1.15535832543688,-0.66561235356592,-0.102164092443867,2.67017846421859,2.87615088080166,2.44839993094025,1.58157163491452,-1.55038712286401,-0.369168522137237,-2.18308104498982,-0.8503112559466
KLF13,1.35841044679553,0.570325099072898,1.48153316162359,0.779659690088203,1.26970584810312,1.89379680588885,1.86017806187185,2.18126263648218,-0.834248523980639,-0.100936421336472,0.257419632104711,-0.160635286055469,0.875925155246966,-0.47243470381279,-0.613496035203247,0.0480964749999238,-0.436092228404396,-0.425296750621731,0.28559021304913,0.00749996648599901,0.0723855830915008,-2.5320875922329,-2.37245697779926,-1.70954844242653,-1.48389356619033,0.793727749647377,0.72793647124238,1.63080877283661,0.302391273026623
KLF5,-2.2183058413909,-1.59359191696052,-2.16617876386004,-1.95330446005175,-6.01274160845409,-5.65523357675573,-5.73119365563665,-6.78317975651094,4.07847218236349,2.66046214530729,-4.17984721554806,-1.89233538894417,-3.78943393792478,5.65953499176412,5.17590348277414,4.19425671141174,5.25984670328249,-4.07731304501245,-3.80321365079429,-3.24708584323843,-1.02297866941739,5.58175801260193,5.48805907581796,4.97409466866058,5.21403006974287,-4.95427475916784,-2.60722989710069,-4.66585452345741,-3.07173956408252
KLF6,0.437653072509397,-0.675230230762653,-0.545289122074688,-1.12017094984425,-4.11230410065003,-4.72465945783305,-4.15612076402134,-4.27994841191125,2.45940280859595,1.33022345788813,-3.3945976488202,-2.85273065332568,-4.26852108483632,4.46861091897914,3.95035286047579,1.40659861259662,3.33029599104493,-2.11629764253988,-2.66614534508429,-1.32374880979527,-0.294400265513681,3.59299925956452,4.03834984422181,3.80491254875059,3.54389349115388,-3.56066333340987,-2.79000210432955,-3.72600229690215,-2.67658765735397
KLF9,1.38237664442825,1.16256647224615,0.960520995093527,0.684792501769257,-3.1576524982461,-3.92489249501741,-4.0204952525202,-3.64848800395157,3.99892342759157,2.98397137652379,0.142663654545281,1.23763563574548,-0.711594347175434,3.10049445516626,3.50897536315985,0.187146565919602,3.11344763082898,-1.13058554688314,-2.15905306999803,-1.33071210083074,-0.356494161676743,2.10854290621649,2.0215130478044,1.78881303278703,1.72173757144259,-3.32602838607126,-3.41729356861245,-5.21532270075167,-2.46104942432725
KMT2A,5.62635154862108,2.17513272271,3.78617785591057,4.61072374032426,-3.46110591095993,-7.29372327502197,-4.16328165733194,-2.64745626176017,4.52557538949377,4.5145420343122,-2.78354094370716,-3.57827526081607,-3.26581376196169,5.33628615567006,4.91199974157247,-1.48775200695034,4.97363601695696,-2.62367069027555,-3.7825366793163,-3.29300463171624,-3.55044703129094,2.47316467673834,2.88768306628229,3.65762513066308,2.41793794423824,-2.37550629277895,-6.41733982768013,-6.69870251067168,-4.92348862045916
LYL1,-0.650328884890414,-0.541356359874684,-1.03306055270835,0.165977224273007,-1.50100669975157,-3.02015872520482,-3.48362563900272,-3.90393061108457,3.76744572120176,2.57953186500976,-0.327256512078504,1.83164662415628,-0.435087453408316,1.85735954521165,2.38115657737438,1.50993063614356,2.03769311463034,0.266101438164167,-0.666443938517351,-0.0321898225179114,0.592409931917036,-0.582668052170634,-0.0815367387809428,-1.47881392023213,-0.212447276708041,0.504871813898324,1.06457075155778,-1.60402471461409,1.1909906962253
MAF,-0.0803354658722937,-0.0466943009795586,1.6196944468859,0.307667791036239,-2.16221078024378,-3.52991754332783,-3.40362174433682,-3.94116262527501,2.95175229673664,1.82855797537873,-1.88553203454361,-1.23836084575289,-2.3577966058617,3.0224458789996,3.41559452284354,3.15224362209388,3.60915885665794,-1.862571144416,-1.25179694613909,-1.15002632507397,-0.554245711086785,1.82600167468395,2.5652606827073,2.80722420541063,1.89377355006498,-3.04559876672399,-2.26522242436537,-3.40317674277895,-2.53285213054375
MAFB,3.58921355650752,2.42806632311143,2.99521759166324,3.13264993232637,-0.842615330556694,-3.17175526261577,-1.69658511568455,-0.120856315984874,3.17369878304877,3.20261733479993,0.0288594927124858,-0.0319558867593816,-0.0756102579915753,2.91564074982481,2.79535863682134,-1.93167969150885,2.41593688331142,-1.61007670344265,-2.26150320218215,-2.02235905939486,-2.11886976443032,-0.743504333479052,-0.163924691538354,-0.316796645979677,-1.10754574929771,-0.476380346167216,-2.54308999360299,-3.11085047669668,-1.16918495924875
MAFF,2.40036537193915,1.68180413757031,3.0948926522032,2.92027252742876,-3.03734299568599,-3.67503188130757,-3.43856178696788,-2.94658302912901,3.37876013175927,2.36445720159511,-2.10571794079848,-2.26714275833178,-2.77273635909414,4.14264412966207,3.02119584573153,-1.14928809556709,3.69331311391709,-1.68504833501486,-0.793367346135079,-1.04277094242276,-1.05357484792445,0.819863310196783,0.898313008595488,1.01925407303472,0.167441232724891,-1.40253274417069,-1.87941826730386,-1.96532418779275,-1.20105412502203
MAFG,1.58949586520616,0.711994772541722,2.24769675519055,1.22790279577554,-2.23842726208884,-3.330305084939,-3.19409635316237,-2.06274246972965,3.40672220085405,2.51680191510582,-1.67899269233817,-0.960199971476361,-2.09132371098918,3.48530148603744,3.41908844141503,0.0438305921439825,3.55135479040148,-0.864189260700721,-1.29004898310752,-0.600768529262258,-1.03716579222682,0.325414119613608,0.20193367807596,-0.260968464997161,0.472204605572774,-1.47731168057793,-0.662727457269459,-2.03568621843938,-0.652893458195389
MAFK,4.21788916312357,2.87316539483858,4.68275229832382,3.54868752580852,-1.26047907382225,-3.19875616083893,-2.28775535121647,-1.46604443863381,3.91749783768105,4.14117473962101,-1.52079029033852,-2.09046778189581,-2.19120232062176,3.20129235085725,2.71265101174478,-0.890838244407438,2.3757739780755,-0.583258863961012,-1.79890277964302,-1.24784323037197,-0.629853040460083,-0.76547153824837,-0.608448214909897,-0.530939149245244,-1.69776872242341,-0.621223188186954,-2.5863411533098,-3.09359866256273,-0.8308863409651
MAX,0.73233642423732,1.48479249855678,0.528822852273476,0.946678951806498,-3.81814842132075,-3.7857876070052,-3.56548203672725,-4.62534452417808,3.62948203052132,2.91199747263627,-0.713813528765235,-0.308781319883114,-1.33352659050666,3.28541457543593,3.44045951927398,1.72366847354185,2.54796657721649,-1.88128016314318,-2.68242451360431,-1.5404686968611,-1.29528523724594,2.18285738156939,2.34206803272437,1.61110978903924,1.87603244911478,-3.05337079971731,-1.99938309520961,-3.88090014206489,-2.01394545507452
MAZ,0.703207155299791,2.64177577959188,0.337551600452258,0.621007468078913,-1.0058868185216,-0.809416784702075,-1.6865006982782,-2.29599925171735,3.66997273395344,3.24460061361949,4.08131813109322,4.39904838935206,3.03238824085902,-0.159937194168209,0.0682513062494074,-0.652436942409348,-1.31677318542519,0.886761884846488,-1.08825024426043,-0.0960417103706099,-0.484398743962367,-0.0490144049608104,-1.06262245866037,-2.10997770216002,-1.81265956038014,0.112384308090338,-0.691794160306913,-2.65685397939724,-0.335375343777779
MBD1,-0.413776344646404,0.321650182765207,0.296919585870697,0.971506240332967,-1.56659263068222,-1.1865556061673,-1.82041513636122,-1.00279293837248,0.759711648970744,1.82318596653404,-2.63051937971001,-2.05234917136721,-1.62815163331447,0.178951707647229,0.744007243852652,1.31491980035185,3.31286283183333,0.0673497450040848,2.54271243853345,2.20962126140894,4.27890270634028,-2.87093273092351,-1.03973161909827,-0.0875731572562125,-0.197925098510586,-0.599614499935481,1.40611178292066,1.03829415955537,1.77715040108681
MEF2A,4.25484722176455,2.33139784399616,3.5032256309178,2.81005804039227,-1.95729117730462,-5.3373159419351,-3.69782028466834,-2.12647072066537,4.26304434029663,3.79672047685534,-3.34452969479442,-2.76629619543509,-3.96563606114456,4.49526620153587,3.96356881257351,-2.43719375035318,5.06462190191686,-2.58168665903673,-1.72434878519939,-2.40950210984904,-1.50384385975774,1.27663598357621,2.02911246630135,2.77723298965013,2.16910542495526,-2.88687675703063,-4.57332705109861,-4.5985548974438,-3.14543024157208
MEF2B,0.827609867997462,-0.105624005994596,0.810768327685326,0.230823858381162,-2.99486931108707,-3.54202581032976,-3.8620031306182,-3.03960011510338,2.9045077869078,3.27081020722349,-2.09082145885353,-1.41881452662708,-0.669941158570841,3.17699571367942,3.57657438973066,1.36866199446196,3.99296831371873,-0.947743652417041,-1.60868031866049,-1.4611880139902,-0.62145826332473,1.7592246040062,1.48255096794856,1.69703000015004,0.99297040120894,-3.26472233263423,-2.8286958180206,-2.80330273860812,-2.4776839235398
MEF2C,1.89023566569076,0.685460076519291,1.2747335635928,1.98642678339748,-1.51429076496638,-2.11112885322705,-1.17749835693644,-1.75429130270817,2.4411031649429,1.25098354182645,-1.10566927322339,-1.81727109142032,-1.30913667924587,2.5262369163666,1.60410302306765,-0.329716758188996,2.83000428009285,-0.932201861744572,-0.122282011800426,-0.0740044259296127,-1.30791994916497,0.0647685460865961,1.11240876695949,1.01542133177117,0.430709894702623,-2.00353631285887,-2.29173368054106,-1.53222356887788,-1.89574536664374
MEIS1,4.84368567013767,2.63617485606177,3.0079265208228,3.28575600390576,0.0185853405731607,-1.79682269750947,-0.774373856416616,0.543778504153781,2.19309684489598,2.35821724459726,-0.398753957706543,-0.856652389779556,-1.27383784125298,2.18506075668371,2.18578541412496,-1.49623151411024,2.64512133797002,-1.03739992868113,-2.13782966748952,-1.94170507187493,-2.77069897252971,-0.978822393643281,-0.44142257123944,-0.356761506912851,-1.63831740615469,-0.315131123259903,-2.53721762593038,-2.92456212116256,-1.70452832994324
MEIS2,2.93940388853835,0.988166699547232,1.8628267679579,1.0861403540073,-2.90037993556505,-3.80512074954855,-3.30907568363094,-2.48555824974638,2.65375349099821,2.82522490626114,-1.95400862368672,-1.85252143896708,-2.69446833667393,2.53633109455825,3.16155322585336,-0.170366744436745,3.66083863205486,-1.43763479632418,-0.214687634484143,-0.00403955039590515,-1.21770189649323,0.674197159619211,0.080595970366011,1.33301924432699,0.289923879076387,-0.73751945660631,-1.68644342115402,-2.1742085897517,-1.10466441857895
MITF,0.607503776622366,-0.367151273134821,-0.216579995711066,-0.451246823642252,0.247581061177485,-0.441327079788753,-0.794810397445065,-0.760738361465467,1.54798850913334,2.35735540170937,0.318941091856684,-0.590176104000651,-1.02794544227999,0.28675592634689,0.75765447950087,-0.666157080203021,0.867498206380278,0.195560900240695,0.341773568577999,0.138119842814556,1.37760540865368,0.337675418150797,-0.104017345051184,-0.468179709743897,0.12202122849392,0.0820560513285785,-0.669527013830782,-1.85245009427023,-0.918728462564824
MNT,-0.359020937096079,0.353636923819496,0.979641801343163,1.21293473493631,5.06431303915571,5.36765366229766,5.02573349466341,5.79332347985234,-2.66646255908392,-2.34382779930776,2.71354577716807,2.13344019690515,3.61297199553837,-4.71976158368246,-4.87426905366343,-2.24527293278497,-4.2133792102853,2.54716667475403,3.19373083694248,2.32903144726068,2.36993531349319,-3.79030242148625,-4.10658064297623,-3.70884482981019,-3.50538392952938,2.19948367289505,2.09852423949958,3.81764927621994,2.10550801723228
MTA1,-1.03370421625525,-0.613683159065435,-1.98308997500683,-2.16131933995135,-2.01920451363888,-2.09354084450981,-2.04196756971649,-4.11804660060381,3.20274902470437,1.00122799280633,0.743846916995095,1.83472349932143,1.00810771462021,3.12469878708233,2.98335994065675,3.28159051294151,0.471361648720297,-0.59173369703881,-2.05990054009315,-0.850731244368737,-1.34515235041404,3.06825242638468,1.8779905094333,0.156579007918744,0.740796911609233,-1.80631993510748,-0.331087801147116,-2.87818537389018,-1.77558071396477
MTA2,-0.808128068353121,0.0740599566094937,-0.866904350965162,-0.32221366343572,-1.94919999117834,-2.18456072920641,-1.98331572108694,-2.27854119464676,1.51358298996616,0.854181236344866,1.5198317722255,1.9210731662236,0.372100234666901,-0.0522668714816315,-0.357196483755782,-2.15629704371064,0.13294576651002,1.56428599391949,-0.212457065970524,0.291509006681298,0.9035489001042,1.21562232037343,1.28223702404363,1.02143753970463,0.98101202415155,-0.582022144435701,-0.051133088089252,-1.89098250888342,0.363798384669507
MXI1,0.626511709660525,-0.0330406873812925,1.29741408938815,0.165629634359424,4.8901139811368,5.4942194624635,5.22119925490417,5.04424495386497,-2.06726278141249,-1.93171474309273,1.91886105639197,1.60061308947264,2.75611800257439,-3.47937613849603,-3.35039407762738,-1.50537156813103,-2.83277366406769,1.75620801273256,2.31570001748073,1.57173881023101,1.2472009965137,-4.84078041015342,-4.77552486296833,-4.20544973929965,-4.59271463039918,3.16497852849742,3.27430886622021,3.9575649385101,2.31730150298533
MYB,0.717542295854355,1.17723694031908,0.0651843725944936,1.78894740873149,-0.782188293000482,0.386225986856781,0.30159692211925,0.142342712791177,0.293102571315841,-0.06180065194918,-0.108833540584217,0.0553611246190001,-0.442547321353532,0.387858239910495,0.438531375528412,0.593022576868568,-0.488744386112391,0.020233547974478,0.30937421725022,-1.89609318995846,-0.365186691606979,0.16022989124241,-0.371359858917071,-0.757776390146269,-0.207035728643237,-0.016709556853111,0.0562227972933494,-0.0947699692338418,0.0548559812887222
MYBL2,4.67584636572857,3.27714440614465,4.35959771500963,4.41740670967756,0.39943963466474,-0.972326172450807,-0.553257292023141,0.306514301786192,2.39416567809274,2.62608546978736,-1.67379830372536,-1.24482905187684,-1.28627032834145,0.301124914300643,-0.196284323834027,-1.51463542244746,-0.0352347589653594,0.974403351918724,1.62077975098811,1.75570749451778,1.19715476196645,-1.88397762869837,-1.75068486762242,-1.96201150179124,-2.29663153647745,-0.243062247926114,-1.63257916180967,-0.72729645193767,-0.906198475447455
MYC,1.45672079001203,3.32186373199157,2.59354872378963,3.95300814469534,2.90658675436561,3.8590233558388,4.58401504286354,3.68200521999501,-1.14481782076966,-0.704656703185853,1.85738737031174,0.131244230000201,1.35299001046944,-2.19029112333615,-4.09768231418336,-1.05328380124267,-3.48490423950345,0.967757755319156,1.29575438873683,0.998348943198644,1.10499113132318,0.866902595846172,-0.0790545138366435,-0.360679323089786,1.34367867286553,-4.50105257475718,-5.18471072651553,-3.48158548859602,-4.35054030411115
MYOD1,1.80212812187097,0.00765797661160965,0.771340240507392,0.50672576717722,-2.88545261748047,-3.61537418605196,-3.61461457490246,-3.40972503112302,3.18360622527785,2.60305059712463,-0.398898895649809,-0.377639472108277,-2.1330504492209,1.46036303726111,2.13178484840217,-0.439180342229948,1.80868884978579,0.321012075245527,-0.11626862134148,-0.150931387437154,0.542589844165661,-0.501760870794446,-0.413269804818316,-0.318012900920114,-0.606425511524892,1.21471097261955,0.783624894187642,0.271274730660938,1.6715049813349
NANOG,2.66413779233878,0.352509978697535,0.825967019854934,2.46050471431138,-1.00629950400658,-2.93652923990131,-1.61815456594192,-0.151776583638027,2.0775113507762,1.64637061345526,-1.27363958884948,-0.655556187904257,-1.80630810782714,1.42255211633529,1.89226201279596,-0.956414695369502,2.08734952332617,0.130561544379676,-1.11056263354452,-0.814564320654886,-1.73301789711935,-1.02871432436554,0.257528717408614,0.147700294000018,-0.483324583871577,1.42311026421413,0.424648275185214,-0.29202473616778,0.0261456727535366
NEUROD1,-1.79153611748723,-2.69121142307565,-2.87460218087363,-2.78900640445936,-2.83416715864698,-2.5047546735311,-2.82751949875597,-4.04786982966637,0.752291201917879,0.326360302283206,-1.63475140701397,-1.38805950212006,-3.11658385483533,3.60016081311257,3.54658776454198,3.20591083820606,3.94172961895925,-1.6991211156516,-2.46388436721498,-0.484381244572475,-0.694738549204131,3.46874003363768,3.4525611376654,2.18096136454992,2.40596846796192,-2.43225391471573,-0.49642565409866,-1.52709177775381,-0.899045260747318
NFATC1,2.385807515644,1.29228663993212,2.9975703287429,2.24314392017817,-2.96184284933331,-3.05925396995503,-3.35909478408259,-3.06595727538766,3.92045080838521,1.75936521020569,-3.12357881895637,-1.70491839770674,-2.87841813864577,3.01923088164071,2.89051899904337,0.598074808352485,2.50705445627911,-1.06149849265898,-1.05365040380598,-0.628286265017538,-1.20964410222745,0.734384116673551,0.937213681643731,0.622976589394604,0.583011094870597,-2.49366140456273,-1.9486748723203,-2.64619390600122,-2.25327586288536
NFE2,-0.970825159061225,-1.32023810800526,-1.3348613133851,-1.34125520274887,-2.99166840148385,-3.30179463587815,-2.98539258304307,-2.59306618421672,3.00932626225624,2.02491524661389,-2.0337296281924,-0.629723735708729,-2.67055784963987,3.11774205380899,3.77586167610319,0.929608154551815,3.03034776618093,-1.08721428659431,-1.2921489339618,-0.481178135607291,-1.24094898474673,1.73308058496769,1.69040423842635,1.32438534792336,0.547006019166531,-0.0113842198502603,-0.299952501965949,-1.48748669426743,-0.472504756811147
NFE2L1,0.231249032239159,-1.49684625371256,0.349938675903158,0.149277190897587,-2.09234553469555,-2.94363977009414,-1.33070425328256,-1.00464422460774,0.970263462119475,2.66551390131233,-2.12349453388101,-2.20632053464903,-2.9598157990974,3.21568903734245,2.13212370205778,-0.931287266090824,3.58473739359591,-1.92686064671515,-1.66946326745296,-1.76441704787697,-1.61692455490182,0.468148602927459,0.690939523042289,1.05825739570601,0.656999741310832,0.320212390828424,0.0702031658564148,0.374307598902272,1.29291125340322
NFIC,1.35553425985952,1.29057229050221,1.05663561027443,0.641760490697839,2.21213811830608,1.40469742453798,0.759604049383506,0.886796368820471,0.606194953390219,1.2817328130649,0.600077832265972,2.19845698781357,1.49549581780253,-1.8292928202643,-1.23496671154673,-0.799673382041301,-1.36417875394915,1.02015768800083,0.350487731269206,1.05414965842859,1.18459742067431,-1.69079396082526,-1.37735999098259,-1.90070638885389,-2.43287132912236,-0.14196999649294,-0.025374306346989,0.226137245985195,0.595212245686864
NFKB1,-0.495619603580252,-0.57687755347399,0.300370790299767,0.299711495785183,-3.08055862322351,-2.61565034959945,-2.41890589254662,-3.10065147985155,0.563997934524078,-1.93107063511896,-2.01083614728805,-1.97298971449673,-2.03367587058332,2.66458921606304,2.7606063424359,1.75071618490577,2.35490463257387,0.563090341148627,-0.345219238441926,0.961842718080929,2.47864092778345,2.19855391653324,1.69452020686961,2.57766298604496,1.68761330972265,-2.73786133404648,-2.13713175933203,-2.19434910475697,-2.3451676737502
NFYB,0.495242076431994,0.965591992531386,0.483171724034002,1.25924849210433,-1.34500267100159,-0.602728410973903,-0.997975611631912,-1.17492883992203,0.0490154002359956,0.812201936240569,-1.74384729756692,-0.99113236481252,-1.29962187527541,0.617508911828978,-0.572473229968726,-0.862678595670401,1.16491740048539,-1.07780062539452,-0.69066022041135,-0.131660022580944,-0.398475607879973,1.36353883620742,2.52019754807854,2.06612847891038,1.98709206661606,-2.85067303412949,-1.93626285557034,-1.08455394569164,-1.54603648168181
NONO,0.705543698598197,0.306146913149595,0.703168602714153,0.58148211417281,0.0215778302307178,-0.37999436330717,0.3330341207994,0.366295393474909,0.424090807850827,-1.14245467635662,-0.440994727558261,-0.919535315053114,-1.32008566838654,1.25257892356915,-0.173331142002003,-1.84733505486507,-0.93886879389658,-0.797741195690012,-1.6421422948804,-1.33311292567469,-1.60903087261085,3.69950906818848,3.41925094186362,2.94823529383417,3.0133402971997,-1.60599008233073,-2.6992543430584,-2.21895756504375,-2.48749834220401
NR2C2,2.19370276222044,2.38332311977078,2.1309036092246,2.67921442063526,3.81414295312862,3.61118315504549,4.52958655648814,4.99319624408939,-2.00649214165025,-0.935793040984891,2.40271328766856,1.32878480315107,1.89334551209032,-2.64014824684174,-4.02610526126042,-4.17737007154988,-4.51696302247429,2.22903028674973,0.843127741648618,1.54513591651439,-0.732367670809103,-1.25388640311665,-1.28082385859263,-1.33693962060773,-0.984915200356908,-0.0063306986303833,-2.15252484728505,-0.257122609603549,-1.5184219597457
NR2F1,1.53969663271922,1.99908713539292,0.103063491678416,0.186615579062684,-1.50250781676065,-2.69953651493935,-3.68709045910461,-3.26498190879332,3.10921626478889,3.60960106048803,0.400072763289593,1.03253475851179,-1.23424038734279,2.39008898462069,3.10913521013526,1.26678014840365,1.62575968722313,0.722690404024816,-1.17066610811057,0.523286582024465,1.10719890110375,0.989617322104082,0.137995528919976,-0.325419780916354,0.0286015028445531,-1.78411024209444,-2.26276953227494,-3.56649649198547,-1.76435126575972
NR2F6,1.30483003433937,0.70026395221504,1.91061138923113,1.14046396396891,2.45407960419037,3.59937464329341,3.2902505556375,3.20786616974675,-0.682881749148288,-0.931886537849868,2.02126618481997,1.52359521887369,2.33952985521907,-2.29137926229527,-2.35414455278085,-1.44844503796955,-2.29175279192016,1.52896910070378,0.303017368108059,0.979833393473434,-0.876239277485808,-1.14609068843885,-1.92232016395872,-2.19363126294062,-1.74524133512449,0.876805734876952,0.194261449747199,1.12232260545188,-1.11598096226481
NR4A1,0.755620372531237,0.222367934722274,0.264242269569718,0.638129186266241,-4.46815948840292,-4.6157480609181,-4.62915319485208,-4.34621604148699,4.48184773444464,3.42142500419087,-2.0709204795874,-1.53440955741207,-2.93538830288749,4.50380043390481,4.01588127341695,1.25617222142863,4.44731151671485,-1.81381860843358,-1.25420541950776,-1.42275473818239,-0.95213399988203,1.26257855276944,1.66525026061087,1.81239851506433,1.52758826300368,-2.08376857543137,-2.03737135472769,-2.57584197095496,-1.42021133444546
NR5A2,1.13322736435908,-0.122140775041499,1.57092105394182,0.380155525812862,-2.85534569086768,-2.34712685254749,-2.51528532485412,-1.9709505119717,2.5201388672772,1.77804667258798,-1.34902153812489,-0.799326199515658,-2.05233615832904,3.21463915137871,1.28159542725076,0.308927256466441,2.40030240978331,-0.54000056172246,-2.17351291949515,-0.380326305789645,-0.39134200198882,0.347081309499629,1.94834169859679,0.643396544702612,0.995271823618546,-0.780973354638016,-0.222062848658602,-0.375844402954646,-0.184272424310144
NRF1,0.134806392743074,0.7815818721596,0.190440728238386,-0.357513131903676,-0.100521969359436,-0.262104194756508,0.519769640140865,-0.0484863014029329,0.320051812141594,-0.6065456102221,1.63953691737182,1.16664286831897,1.2193782640182,0.431505392709659,-0.252884554936607,-0.748581264007147,-0.738914607483034,-0.534216049128302,-1.63685257161448,-1.05570346113145,-1.73439419171098,1.76600542734262,1.77799617975291,1.02842858171528,1.00863486552778,-0.808394511366367,-1.51993199719753,-2.27517392621895,-1.49886778479499
ONECUT1,2.35696844851401,0.918651102550791,2.21479418684898,2.05713982690483,-1.11351729683806,-1.39500452542158,-1.37462122001778,0.602738979400597,2.12872272422275,2.0012878460962,-0.0605116913581151,-0.986373729884154,-0.520667647007917,1.55299149670939,1.45496607687235,-2.04199597374513,1.27428677087326,-0.781986648380201,-0.331898702000528,-1.4282246925189,-0.632861572725808,-0.650973955333153,-1.01847474060806,-0.230492195906809,-0.414759963988964,-0.00195021672250203,-1.13136119907211,-1.28302350846529,-0.414465490479682
PAX5,0.0144879851993014,1.40229449658788,-1.2561253694698,0.519498761749945,-2.24630933367188,-2.01027504503914,-2.66944065397484,-2.83947846594006,3.96205841274322,2.88478925520018,-1.40716732698844,-0.949948058682209,-1.40432362954982,3.26213310584053,3.87453122473809,2.08838197958399,2.55493936931919,0.0975112630991205,-1.29860765934902,-0.331512315535931,-0.652050836019972,1.29655066136403,0.75178748352697,1.38797426497854,0.690829180074195,-2.56757102709327,-2.93247217174497,-3.89705573001355,-2.14604309417456
PBX2,0.937749468365651,-0.648147594093353,0.0704415940216793,0.0606856073570476,-2.25248305038573,-3.33395869650219,-2.64157234054617,-2.01510109165429,1.70696369803528,1.35352304388761,-1.11095386525582,-0.932688496269217,-1.80963608537751,2.34005115871444,2.28895472944888,-1.13195861147771,2.91833747719199,0.884350825861719,0.363951864515071,1.33147030213768,0.778787212534763,-0.310304475492289,-0.195815660729772,0.845231218308085,0.364999925032646,1.6590600971952,-0.027798620299833,-0.621129841230921,0.440891402599518
PBX3,3.21536750109926,2.90866815041854,2.58005243197619,1.83443463522244,-0.808827992529636,-2.54547969476543,-1.50330070340589,-0.503860387563448,3.10312464871324,3.32508992559697,-1.32730391087072,-1.4803958998032,-2.77422897470768,3.71603308194348,2.77613299635033,-0.649603051758735,2.92248173039039,-2.1722985173953,-2.50608550354726,-1.39915942240882,-1.44306562082322,-1.50555373163783,-0.884040160328365,-0.230693827759102,-1.14370448759539,0.391419505626165,-1.59050505194311,-1.74942626559924,-0.531696976397408
PDX1,3.45924167469061,2.11710403185279,2.95140534852458,2.37331405862426,-0.590131014375908,-1.63599525317974,0.187279008239434,1.76281524768893,1.53459742617886,1.6319171469091,-0.38563060324259,-1.48508463983956,-1.91453142917125,1.46007472132867,0.555515950746462,-3.06823685408788,0.849545966368664,0.0372427668453891,-0.996194950122791,-1.29287621085738,-1.15020415845732,-1.45139426130358,-1.49470647083877,-1.3377271318658,-1.57766019550221,1.57301647410901,-0.549755329127599,0.12486353065207,0.540153082614979
PKNOX1,-0.210235136832755,-0.259485227812717,-0.231159467778546,-0.197433521496109,-1.22683003658574,-0.881352985514684,-0.462126674717487,-1.25933372604646,0.740130551868578,1.56040367453195,-0.51335190525757,0.896665193826672,-0.729364141968291,0.992606007584704,1.41454321070995,0.112739481480864,0.999375716742016,0.750107114379565,0.074802852227314,1.29777260846618,0.844407497117127,-0.711660031015482,-0.749162009940691,-0.333436535954436,-0.677388923985269,0.017018908928871,0.441027891327543,0.738473131029801,0.941148554451742
POU2F1,0.879032668158145,-0.379508236598425,1.81632882979273,-0.625854378715678,-0.401946701291426,-0.325242133323984,0.0818481958878956,0.0986427047813132,-0.482732979624187,-0.00668285519860915,0.508883047327704,0.140191403723766,0.544112042566749,0.626834886294281,0.294965118172105,-0.14946166128368,1.8044782502329,0.973736138016594,-0.687609905660571,-0.355967410377074,1.36183518857249,-0.596887169186383,-0.962685078347883,-0.843134238607674,-0.284259836243743,-0.926260950286439,-1.0626763421603,0.226246579601428,0.689283886297423
POU2F2,0.946664511179213,0.977184307109052,1.21468931805352,0.36253246888339,-1.15898109415566,-2.60626326588627,-2.15946994873988,-1.95419356714958,3.24673088695837,3.50052788766581,-0.360038842035337,-0.00835737655839048,-1.50357758535164,2.46547363702748,2.71001065438944,0.000863786524560848,1.95430884038267,1.70662763232304,-0.49892205431479,0.883437963274532,-0.961905308732434,0.0778654883357769,-0.566007360759255,-0.364240151296504,-0.584008679701361,-0.771869274214105,-2.46306750466761,-2.42614604661632,-2.07003858192099
POU4F2,1.60208767093457,1.06648200531602,0.828014162018288,2.08135499425021,-1.26410263904658,-1.73428925395563,-1.10115044424324,0.536374452514504,1.61168634249583,0.991325489586531,1.04018809633366,-0.136073296873554,0.230816226790193,1.25531885222241,1.01459669757521,-1.32083422775379,0.582776958545428,-1.00063500679067,1.51771083319322,-1.32773822410965,-0.823474986298574,-0.291074983262072,-0.232840021392307,0.581438022764404,-1.15964557223587,-0.0133507885780902,-2.0788963529627,-1.89503906388047,-0.636536402895345
POU5F1,3.58634992790605,2.16951190048537,3.20921633288208,3.8698483286639,-0.00920053816295363,-2.23920220116105,-0.343788647371101,0.731979164417617,4.46113133634571,3.55920403904312,-0.867834960344995,-0.783452532803349,-1.97626357993811,2.1027227292931,2.26228502427369,-2.05670771903014,2.39774426259105,-1.67729509319686,-3.23397372930156,-2.79771750894102,-3.29590901202371,-0.852747679206714,-0.441084564826712,-0.713945237753548,-0.536991585595246,-0.376354450701197,-2.13031638931799,-2.5035105156473,-0.970302038578454
PPARA,0.285586342001837,-0.221142913110637,-0.274873177371811,-0.750054507599399,-1.70167805516858,-1.01654683687588,-1.24861268784032,-1.04357174277425,1.62621517561889,2.04147169733792,-0.530583986550503,0.639895232993272,-1.1386934935678,0.840111181109173,1.41675367942059,0.725056342499383,2.46906198896045,-0.499059599904385,-0.427333969265107,-0.706986667115673,-0.497094472369326,-0.356507387362718,0.153870894353609,-0.419711254128511,0.430714603927715,-0.523684904756635,-0.538713636156852,-0.631022629996755,0.451935703547676
PPARG,-0.224145010511363,-0.692927203426424,-0.377222964243842,-0.026751168246378,-2.24272555509373,-1.72922549502273,-2.23681827906703,-1.9467546914055,-0.121148723488887,-0.106314854683736,-3.10076682731389,-1.35918803396754,-2.71012847401803,0.9458139775753,0.118292995033621,0.000845251964797922,0.635928985926244,-0.986502690879393,0.694543978135614,0.994310216653317,1.32050086745806,1.17215248433845,0.899669820864889,1.05959444260675,0.89068102951739,0.20691293883149,1.81497505759476,1.51039595315908,1.5030917641873
PRDM1,-0.508144256308911,-0.254914934020444,-0.566616705295575,-0.0777696153712318,-2.58414102322436,-2.67852349328235,-2.48443144131241,-2.28571414999828,1.0741936558644,-0.495410579231589,-2.87951001575541,-2.08370003359161,-2.9320759756129,1.89187020175441,0.842846872543727,-0.610178855216795,2.45249581743254,-1.46091260640269,-1.02804322470713,-0.986846242058525,0.0161043565866495,1.60355449665032,2.28118237827396,2.08746095926814,2.45917255330851,0.567913374220673,-0.6027140046309,0.156466925014563,0.80080786366203
PRDM14,1.6967248773325,1.00970237465356,0.337798896888708,0.920951692661238,-2.01200793464015,-3.73414754305831,-3.18934200461018,-3.22970823960753,5.68281910091841,3.8822085589036,0.169201773527374,1.78017302552378,-0.637264795317613,3.87836452386381,4.45442714921135,0.979551544109743,4.21041454548167,-0.230896799929433,-2.25059656193637,-0.0673688946395892,-0.660495030729058,0.382398212980911,-0.021009698237667,-0.185973546079181,-1.17193666305418,-2.66411249457641,-2.11122205491825,-6.22354174828664,-3.10091633148491
RARA,1.60761760602094,0.467838190327331,0.0579703613434664,0.562232483726882,-0.598245008694794,-2.19206314204437,-2.8532904157816,-3.57215648372208,2.33307315257717,0.236254686754572,-1.23010717895524,-0.45599269193092,-2.24212776693608,1.70238200448704,1.870837722273,0.288813906842899,2.53341705745256,-0.422898124452214,-0.174681515875927,-0.407189985084484,0.685273578589564,-0.105225126371551,-0.0612690608452069,0.543657515373688,-0.425696826076609,-1.21238243384733,-0.0631843231588172,-0.723769958490957,0.175816217483377
RBPJ,3.00792616531483,1.55076529805507,2.81731402979657,2.00943784589465,-1.94313160140847,-3.11812080626959,-2.67006449347019,-1.7820277747218,1.69750460905163,1.93322334169945,-1.58996838761885,-0.947905868630003,-1.63783039068019,3.51663747634244,2.8363565675498,-1.19679172746018,2.49456692375202,0.103876045248504,-0.619652164707957,-0.426113918735247,0.760669804886968,0.318610711149407,0.492301622566532,0.876872008994173,0.246033534234682,-2.10411405019365,-3.51812621043884,-3.04695725326649,-2.99225951074882
RELA,0.613752858784006,-0.229803210659913,0.449690074913485,1.42801257833297,-3.70848578026148,-3.34917412218318,-3.07360353692792,-3.36117528432639,2.22540777808386,-1.54828142415025,-3.23499475043056,-2.96823434000908,-3.24129516452834,4.1656296945317,3.88888234383794,2.02270613014671,2.50831625467405,-0.295555493830294,-0.913843389100434,-0.159369255143234,1.28820203074035,2.62468797972505,2.58377017755524,3.22838783617396,2.33625385196189,-3.90809094620601,-3.5363917014941,-3.6174948877355,-3.51279921362251
RFX1,0.46521336193542,0.851646322554071,0.777984936453387,0.591566604956372,-0.65580924754107,0.0446453916364579,-0.594497631354373,-0.73412800724363,2.32812002583191,1.43897772434,0.281038248734841,0.378361490031147,-0.594766857840834,1.12467130949562,1.78087496222797,1.33137135389965,1.03072134178643,-2.47839631033174,-2.0620087457585,-0.931671948786989,-2.13977966241847,1.68637856826293,0.775847743847853,-0.134829376042645,1.15158616136315,-2.60673862385455,-2.72078138926505,-2.7291664286202,-2.48708351138391
RUNX2,1.33905754711947,1.97406400128403,1.58001940872721,1.44992175822921,0.549371830610308,-0.815831991134314,-0.375521722397033,-0.100957838647199,1.36657742462833,1.85861224186831,-1.22045080859228,-0.263377954572709,-1.37824889329215,1.59747052162229,2.56009880292646,-0.966033729765603,2.53902725434573,-0.732141403701176,-1.43954997409113,-0.562713110485317,-2.02116722317592,-0.104779214971718,0.438881688507706,0.86494799834929,0.443710889631581,-1.83864120661927,-2.39771691936408,-3.95891618659879,-1.55663736491736
SIX2,2.5501080157548,0.103202299648071,1.20100631889672,1.76428557280365,-0.786233315220242,-1.13697214635181,-0.781029263582783,-0.537068797624666,3.4540871761051,2.38227052916072,0.0447920053635062,-0.787780165108555,-0.152393487995924,0.91044696383394,1.61390404517598,-1.33477190221103,1.60136119161429,0.585300949603835,0.354793790761061,0.691775585761377,0.786107006096291,-0.972951595681101,-1.15442000058307,-0.919145623163239,-1.62207296977912,-0.254467171358725,-1.25000542984764,-1.00072328320802,0.842903088840419
SIX5,-0.0693945594409153,1.07038749017048,0.186443736776141,-0.147955393110115,-0.728245300495939,-0.502487149711179,-0.625474370913579,-1.30962638662071,2.33910634045741,1.89278007173553,3.17413537560891,2.79641921363578,2.33976965801608,0.00196839009472356,-0.0677445132561525,1.69829093136318,-1.04735046954172,1.21477250123552,-0.75782952977287,-0.271240816821952,0.51978146688271,-0.574348685353849,-0.561642329156404,-1.77958546456838,-1.15634567911235,-0.288156279912381,-0.672343118383723,-0.897742349649669,0.128692524138078
SMAD2,1.4771942435851,0.253484667695897,1.68120901346563,1.02801063142126,-2.62619799198634,-3.92345893046119,-3.04327224542953,-2.23764271927975,1.90848691012033,1.3798246800122,-1.3147541546356,-1.34848764579508,-1.93240554845995,2.12897832994766,1.45651211944367,-0.728208181731658,3.12369343174083,-0.53033948856576,-0.23043406482239,-0.456310693785163,0.365439468851057,-0.20272422218739,0.842522618213425,0.565724448802735,0.508561482701165,-0.0193890730793597,-0.58934262686026,-0.763442362035819,-0.145317029323169
SMAD3,-0.272411704593966,0.624560562400157,-0.625791612260493,-0.265345515578596,-2.2971643840148,-3.11034785795433,-3.12833794148455,-2.7962095396327,0.623449889970916,0.320339530124616,-3.41241051685024,-2.02122101690098,-2.14422501758155,2.75662109385782,3.62871176949473,1.78600823456002,2.42883264213716,-2.21100706861066,-2.34659168860788,-1.86747599620134,-1.49171118418718,2.41995191926475,1.90580778250617,1.9245899502284,2.07617295807952,-1.13294473673376,-0.806270997365047,-2.28900027391176,-0.948641106862515
SMAD4,-1.03443833738129,-0.925912822488608,0.564687713584041,-1.0744405750528,-3.64029992135754,-4.65246787190442,-4.34627923716716,-4.46631754123608,1.88993514373939,0.852017969541674,-4.07561111212237,-1.82221671417132,-3.62726452757603,2.74795678005347,2.99108879899628,2.37831137243832,2.98082889809918,-0.535937317559037,-0.751858015479209,-0.0729844039651502,0.541465056206532,2.47883931543636,1.99238088265308,1.84393976361493,2.19531024080849,-0.929521431509928,-0.200493308822816,-1.69564635709979,-0.245789161197333
SNAI2,-0.272721333003331,-0.831007151101646,-0.262513637547196,-0.174381699457712,3.61772804996353,3.90800237784104,3.82572139752646,4.18469588994771,-3.43676497440884,-3.38844541338245,0.463962255926924,0.0123269703416014,1.01298927163892,-3.16665384046151,-3.37558902489678,-1.3245614974447,-2.97736198025505,0.532242868764859,1.10179046877688,0.49998199178562,0.108651400601461,-1.1222805944185,-1.25359844958328,-0.580369238777353,-0.143604348578079,1.56022561998626,1.17579090655074,3.01772752632694,1.27733451240574
SNAPC4,1.38925005512437,1.38921300237429,1.23355733804665,0.478940788999916,2.3907983719269,1.85771295296087,2.62893229677243,1.83026352525455,0.846285078469726,-0.34859619419047,2.67357972247376,2.63230028832335,2.5644704469046,-0.605962118643482,-1.07369043721874,-0.122844603265902,-2.43663894934638,1.50057365957639,0.544917983707059,0.504324813008961,-0.96453978157534,-0.334931068410131,-0.785997382874601,-2.5972247727195,-2.10999203710038,-0.531235105640119,-0.973201768917872,-1.66630092812302,-1.74047365725853
SOX11,2.47126732329028,0.833796433318586,1.3084368825081,1.60109230191102,0.129698856870638,-1.05600041529332,-0.0927513714768827,1.61823857338045,2.40152981949528,0.781404086225589,-0.826230363980801,0.636904247557335,-0.956816656328888,0.910628552445215,0.82012232432256,-2.09853337789248,1.88914501096809,0.654650988293089,-0.521615745417571,-1.12393377121049,-0.88909666136461,-0.952866739598659,-1.47754944996419,-0.571486660282062,-0.595887224366005,0.627750223654198,-1.7193159022324,-2.30064020721489,0.179892401206074
SOX13,1.92930092143447,0.300720104923312,0.943445229960722,-0.4171990493631,-3.16645630995339,-2.36110824044547,-2.43063561057385,-2.07542083549002,1.81926299323532,1.35548950838688,-1.46009063316366,-0.932505173716395,-1.57693316030735,3.36279726899976,3.73323891369981,1.44488373884773,3.15548454301362,-1.05225203176871,-1.33095278547065,-1.51061178872816,-0.712997519252858,1.15483247565428,1.3307994574872,1.39743386348892,0.897419206091077,-2.23568917589469,-2.23644382864242,-3.6189820122711,-2.69197319016312
SOX2,5.86442280720607,2.61447332505181,4.50312775520178,4.84217077637794,-0.816725775585577,-4.50639354122984,-2.75298804333976,0.299968962812602,5.28541843796625,4.85678668398387,-2.03803629577582,-3.01077515507542,-2.69551189646224,4.440143594584,3.78195809597079,-4.31178199649397,5.52737699692438,-1.56505377731922,-1.51829883699549,-2.54829342633834,-1.86606614803949,-1.38301482081776,-1.99213323971992,0.064794282654948,-0.779566560423456,0.220518767418293,-2.06810024727204,-2.52897141220009,-0.951150014569323
SOX6,2.37051923750101,1.87103124489003,1.82924738234159,1.55138719436517,-0.823892562244721,-1.34596843998173,-0.520838738592189,-0.55749272376673,2.53048995620086,2.0179526927915,-0.107958386837971,0.111367301521861,-0.346003985928704,1.55142135549224,0.351472909153109,-1.90031877575866,0.624904957201854,-0.479084939151519,-1.42063408414873,-0.958051221732244,-0.810149227321863,0.327455066345713,-1.02539887114813,-0.608920297752715,-0.567421148591333,-0.301790524523963,-1.30146139516556,-0.55345309116344,-0.543156748806039
SP1,-1.42944285802367,-0.260252734241136,-0.0467154138129624,-0.703559101371305,-4.0376197222237,-3.96265977460574,-3.84271442296449,-3.92176954835117,2.56306431782682,1.19936195045255,-4.99440381082294,-3.89824379757229,-4.75045112592373,4.40906329104083,3.29975666120612,3.16219992460384,4.18660829578717,-3.56803691809979,-1.15301602232735,-1.76647408093295,0.734043471619082,3.02541251060081,4.06688513980541,3.52739780425293,4.12931477707146,-4.24258466857666,-1.94433052685485,-2.27056269329514,-1.33532744037566
SP3,-2.69997518638673,-2.71681892156486,-1.30604825043009,-2.27962740953222,-3.29557949697282,-3.97583274519778,-4.70094195349006,-3.56719716295303,1.29407660352813,1.85395865775571,-3.31642567040515,-1.2171619109185,-3.07535701841274,2.93810492798423,3.85371261746049,2.44715318654374,3.30531876042507,-1.90470728586472,-0.540133137450985,-1.26077762452164,1.480011205474,1.05449942194069,2.18954243450591,1.34593696596333,1.8309195217293,-0.0409678623447186,1.12177878156435,0.796189012302609,1.448911073796
SP4,-1.84899101460636,-1.45769189551545,-1.39187256352553,-1.6034921933345,-2.36347650925754,-2.85791177258937,-2.02698872142443,-2.18636553771794,0.695805627548122,0.1357989200203,-0.798221353066874,-1.01668886722139,-1.22633779847382,1.79662803972821,1.39597638942908,0.334330085851648,1.12306256009738,-1.21035549914685,-1.85430650342547,-0.11465541033686,-0.479244937812386,1.56073954198602,2.56490366895624,2.61773932062793,2.65295884254194,0.506853001400483,-0.0621527976273466,-0.519507624147748,-0.436709965213248
SPI1,-1.26458559048878,-3.02410706569782,-3.83442561262468,-3.1967036674545,-1.98438722394006,-2.81936772484097,-2.75909229359105,-1.70015508704573,1.94559390194997,-0.916761272758378,-2.00900223897068,-0.780444178606902,-2.90960388136165,3.49153398280987,2.85029155775584,0.384105352390977,2.91479018825176,1.07277058762372,0.094522974527867,-0.469628028744384,2.22689092776534,1.33029939908575,2.70358077602864,1.1850944220645,2.06176893790165,-0.0939357187166764,-0.780543645062389,-0.980370920090701,-0.561908314688421
SPIB,0.670616192549028,1.8346021037671,0.873044688524436,2.318219055125,-1.69922647663357,-2.45402092515196,-1.17749076649596,-1.3609351144957,3.5278607143174,2.97369299151408,-1.22529188982438,-0.397487434282472,-0.434975012778083,2.61762163311679,2.93514084535752,1.14231366974862,3.36554876448137,0.795748148620958,-0.553652740795716,-0.0668013687923235,-1.43351054202709,-0.658089464561971,-0.18642798170047,0.194661515313601,-0.446257273428277,-2.67254977681071,-3.14819030736917,-2.1915523395883,-3.04751619802489
SSRP1,0.221446988443319,0.621991463542455,1.57519738575689,1.31320856755163,-0.864708803753019,-0.649907447514754,-0.0674265008624351,-0.408386434084033,0.257771831908253,-0.317092108629697,-2.30525638807032,-3.57712263726391,-3.07120728449801,1.85526307806315,1.13940318995884,1.62509336392319,0.211371615863512,-1.3896700222979,-1.94994059432941,-1.06537425390951,-0.982875590100712,2.88052203508158,2.52215242730102,2.414683929978,3.44976843353905,-3.51169596122822,-3.31098972138303,-1.7349625020953,-3.33199785720895
STAT1,5.10715919036192,4.6197565037044,4.16543848139384,4.1771737329561,-0.393135170807529,-0.786654746025258,-0.527492221130586,-1.19401337066797,2.62429693080735,3.49239394245449,-0.411731499313326,-1.49467816728337,-0.871171871860246,2.10423297997707,2.67098879032173,-0.769281291647531,2.0579225395243,-3.19194032234821,-1.43077673965169,-2.75201464285163,-1.71097057998626,-2.38219773635318,-1.83192461830815,-1.12071811843437,-2.50903336345613,-1.11325949974395,-1.88934186950388,-0.588355677966652,-1.7950473709718
STAT2,-1.884900190817,-0.581252293694329,-1.80613536079883,-0.851708120851091,-0.598874844809676,-0.0514719474868071,-0.560637668543695,-0.611111082009982,0.873920340710005,0.320345259404176,0.390399160680596,1.17088840178496,-0.532550666027337,1.13267686177448,2.04411742230358,0.823987212257058,1.21340549675606,-1.00370507854167,-0.0633029359198556,0.0272000362837043,-0.409544422711716,-1.10551213328504,-1.21618260196981,-0.793233385104509,-1.357914477644,1.63498079528944,2.46136787916741,2.70632447057623,1.31151638607215
STAT3,0.6161009841598,0.724368200709098,-0.921639355970327,0.0467986822472314,-2.91222971871168,-2.67089593056012,-3.26262911947463,-3.5397296353854,1.38785184568335,2.36672316343618,-0.613482436224374,-1.21807001794218,-0.916161536411688,2.66164570040594,2.06512368760516,1.68673486821687,3.5760173581453,-2.21940669190416,-0.810524208182217,-0.866494266017271,-0.0892304538631123,1.82985307888219,1.85802582116553,1.17649398204932,1.79993716741912,-2.27628278193244,-1.34953384986299,-1.84705635622211,-2.7839129270246
T,2.29428124542664,2.53358610087135,1.97059197566225,2.31885340308569,1.54561251830762,0.158768316597959,1.51176778185983,1.60580721287041,2.14671578845443,2.62035928410327,1.49205728283785,1.78944648451492,1.8499677587895,-0.550482788548668,-0.420380531630742,-1.82492641110767,0.364489772576059,0.28963465879363,0.643934188170335,0.171680432195579,0.814266756771815,-2.34521803967914,-2.34464973320384,-3.3370959930414,-2.75575636385531,-0.399844436869575,-0.860178760051136,-1.29908441831881,-1.05339119133063
TAF1,3.09981832351867,0.993463273773381,2.07543355949987,2.09374437533039,-2.50891956727046,-4.01815985393764,-2.50911050845346,-1.12238310180901,1.21080720842601,0.707861644803628,-1.538380357431,-2.04902933149444,-2.39953360478862,2.87292856985295,2.75578744552113,-2.59601717738537,2.09539848555553,-1.81238051113143,-3.17332816706444,-2.85978233742701,-3.18791212429228,3.25389440486188,4.26984808375084,4.56953522373641,3.47205335802789,-1.77693365676154,-4.58903365378352,-4.31174869753053,-3.73231593648501
TBP,0.955656893842186,-0.0345892844033071,0.0331784698682388,1.17404410902794,-1.70946947649475,-1.98333686167643,-1.38832525327846,-1.43401223254835,1.69924522414068,0.0826086685336998,-1.26820985500092,-1.7695023603644,-1.70612600684412,2.01640258220443,1.82927415299839,0.102760767162424,2.79687493979638,-2.31667686462468,-1.77750811921168,-1.93276495768546,-2.48108799407772,2.40687814172225,2.69063784135091,2.82225748135973,2.64782086595876,-3.04966568789157,-3.08517750138694,-2.54640742884047,-2.23200739365255
TBX21,2.11683798351748,1.38705998844053,2.3963913520754,1.37386257291196,-1.19093420099555,-1.5986753776044,-1.01365348665485,-1.16644612063014,3.09679475580042,1.97242908261238,-0.902674030880463,-1.38054965414651,-1.42938907935025,2.55050831194439,3.32976505370811,-0.888877933126959,1.79196887438346,0.834041301384482,0.177470030872171,1.30535018259822,0.394937721524517,-0.946025997429612,-0.789133131455678,-1.08102430518242,-1.15124314021061,0.301926136040004,-1.50543980408708,-2.49381880691981,-1.55613581339115
TCF12,4.16514044453298,2.88337613776046,3.45407817573468,3.44588513843731,-2.45501250580504,-4.92881445493021,-3.68997405419368,-2.77077134044919,4.99850970615227,4.62226766327268,-1.29849814089888,-1.3043371901514,-2.85518518943774,5.0448350107029,4.75626141737701,-0.683691227636284,5.24025814235741,-2.14978537721289,-3.27697884261457,-2.50315383533207,-1.51648291377694,-0.148947852371399,-0.0400820146989383,1.53062434895938,0.418216378150095,-2.2282072783488,-4.19194776121544,-5.17030912061973,-2.38458898700835
TCF25,0.721944520725632,0.338450596800503,-0.0709117877999197,0.67380098334208,0.526529397247301,-0.336502785552528,-0.358549357440409,0.522319409908614,-0.0369174594697366,1.39045327704563,-0.0488058164806745,0.659438688345016,0.454199714322196,-1.46609076675411,0.546281030026016,-1.08142012243612,2.17058647900912,1.44893873740378,2.71754444931436,1.17392022763761,2.21728768935855,-4.05398102407532,-3.0727675360079,-1.5630089832011,-2.57099668766789,1.37044284102534,1.34033074944513,1.62964769535434,1.67023601917864
TCF4,3.1011823607559,2.98118766247397,3.450275456719,3.31122780830451,-3.34138227598314,-4.63070829976771,-3.63088678557538,-2.9251570243522,4.33448480307554,4.58387173230011,-2.08677949814045,-2.38723330437548,-2.90793693793999,3.8365487745293,3.39619159494255,-0.491280797373658,4.47969186115229,-3.32828879076929,-1.90711794469933,-2.04540206059409,-0.366042278289274,0.079279117936784,0.154290500433175,0.831617241578126,0.868702565712925,-2.06098206282823,-2.8969158655495,-2.62074409361615,-1.89360068004344
TCF7,2.85625150616531,2.17567430588446,1.4817986005133,2.55717201150141,0.212755445155128,-1.97048180223018,-0.962615995575527,-0.00129721440281012,-1.21683392544617,0.40460375470456,-0.829290585950415,-1.56921029325317,-1.98674009473603,1.44972498988185,1.0381359082482,-1.49963196588408,1.62785288308468,0.381096099961204,0.559132771741782,0.0271548245163922,0.1286122388661,-0.438506199440815,0.285619279235458,0.791566961385722,0.0786519910854813,-1.92030955901995,-1.79457168351343,-1.77601761884046,-1.69838592674111
TEAD1,4.20133908365402,1.51077835939042,2.40301504286139,3.85005114711966,-3.25188601834011,-7.18432404742492,-4.63376024470919,-2.38942283724263,4.25764753152716,4.85252834893391,-5.10804582946224,-3.35915580570452,-5.56032795597659,5.97840818808379,4.48257388797914,-1.96180975222776,6.52837512750333,-2.35408523702711,-1.83424795280096,-1.61052790972878,-0.0155450007240011,0.537158605737691,1.23906809574186,2.47070343347653,1.36299428551321,-2.42928517632063,-3.29955193512253,-4.08750244623046,-1.31413869235225
TEAD2,-0.787579094148681,0.0448610841464414,-0.623572121257386,-0.1872518536566,-1.66705829623933,-2.33829651942773,-1.40341969662979,-1.74594973445077,2.41203704701309,1.85609096492738,0.448500064715641,-0.51829713332053,-0.792804071684345,2.12528916941513,1.97904548736468,1.6992231193498,1.3739603578695,-1.92633165956982,-2.30757012651687,-1.92273223083526,-1.21629807995665,1.45438364300251,1.02929023856715,1.19544674958306,1.23846745249143,-1.26602809460724,-0.843089511700874,-1.43087348874609,-0.935733894923306
TEAD4,1.19858895628907,0.713204966214666,1.09828890631655,2.14968922203034,-3.22283768323978,-3.87697289194837,-3.51850827219545,-2.57483689488269,4.02192999030762,3.31881990130941,-2.07282559368038,-0.827891037748829,-2.14287952464859,2.63643100882734,3.14748073700722,-0.0177672896164545,5.04182375782792,-0.151229991222345,-0.781850554498016,-0.0928955323333286,0.487051914419702,-0.175979906909054,0.734855067476582,0.692313079352656,0.637248437026707,-2.41986758529703,-2.03760726879746,-2.64079975343114,-0.56019316224312
TFAP2A,0.371792482499479,1.00617610126976,-1.25467896493607,-0.213622811131825,-2.64304709910214,-2.86864247240326,-2.15813195563885,-2.39581762427749,2.4184542246461,0.368840442107496,-0.600157277662314,-0.681381289205194,-2.03149135925323,2.78194688023068,2.14984459644671,0.808280986432334,2.54081145513338,-1.4402729613464,-1.04431434389447,-0.0671520536967571,-1.57939010250073,1.36227575832837,1.44716420834428,1.86406821827114,1.41644151389811,-1.92072624502656,-1.5465384092901,-2.11829370774599,-1.93548809672243
TFAP4,-0.123514168341228,0.194788848284605,-0.40492377975141,-0.449869430455904,-3.18730517794668,-3.7610331359405,-3.52239525775241,-3.4530881831221,2.58754894415614,1.685240168978,-1.30146508783119,-0.709714404873045,-2.07492020854295,2.89101094434412,2.75623150067013,0.779518028199299,2.89796736396308,-1.51215421646492,-1.99488456856594,-1.14283427451119,-0.81151365191743,2.4521358592262,2.20058581059214,2.38719328552451,2.1239593107843,-0.773729115162132,-0.814903829795886,-1.57267512252289,-0.413863096887374
THAP1,-1.04843782743537,-0.597816210985598,-1.76887679507972,-2.24847975959562,-2.93755518834872,-2.66996691507083,-2.84658757971249,-3.6892344151843,1.83166892431578,1.35688908187518,0.546112267323868,1.33751356896655,-0.0894237773824567,2.73002098204034,2.60954689511333,0.845934288136035,1.11461945380364,0.094353756381284,-1.36817873983925,0.24035455632166,0.533779394766042,2.68485346270821,2.33336394227634,0.633926743433922,1.46662997412414,-0.629306294851118,-0.524896649972916,-2.49059088904361,-1.02268831315073
THAP11,-1.97148563012413,-3.21326436321886,-3.22133216891357,-3.96855940537386,-1.82399018798118,-2.39685272590368,-2.97273156030369,-2.37374570755912,-0.777415826218632,-1.43171625290642,-1.81621713176216,-0.825902469783054,-1.28906252789564,1.52144724222063,1.85531201958289,0.416649861103553,1.72554457293798,0.243004566671442,-0.0331083949830875,-0.221798528758105,0.618954400762846,2.65653946397353,2.41110506638583,2.85683706827627,2.71041402215868,0.19345177244556,1.013368930009,-0.5643427905748,-0.098744282069697
TP53,-2.42476625419972,-1.37064169975829,-1.17064271598774,-0.639947339082307,-2.53488248799917,-2.7855144005386,-2.84386671262788,-2.96142366428583,0.755310584435488,0.703045712703368,-2.13143605757064,-3.68222583856792,-3.08076139225736,4.13357096400403,4.27844616203859,1.93042403269862,2.40115453428416,-3.37559364797234,-2.92955610075934,-2.58465157893735,-1.32318055523331,2.29146482227415,2.76229697674338,3.24417351864739,2.79201714277151,-1.44599321960591,-0.755612134518734,-1.38768038540373,-0.239298739412315
TP73,1.61073560841645,1.3742756030596,1.16830671188612,1.83472300411569,-0.815814750133632,-1.46079142783316,-0.580933499751107,-0.340070702128151,0.905706197802885,2.1107292363898,-1.03419069165854,-0.173595264844504,-1.17659504577511,1.38421895314319,0.769287271265284,-1.3494309399053,1.03754948271958,1.26201829591148,-0.110609924605743,0.462064503198798,0.448589714070179,-1.38617320141615,-1.8301172773688,-1.35195345469867,-1.19891058317251,0.678062320360512,0.800054284700398,-0.364784473278187,0.202475631491541
USF1,-0.208227001085311,-0.410430078972375,-0.44366650910836,-1.41231047962933,0.179569848580282,-0.0899992544149323,-0.647526484959352,-0.0893598020700917,-0.0162629994085063,-0.818652054536257,-0.129408386377154,-0.0258059377199928,-0.85936210948678,-0.211491791608229,-0.0582066208105112,-0.0632253824680396,0.918039814186956,-0.1179403817208,0.578228423629789,0.638491397497989,0.424842933662648,0.0579187115546465,0.520515859663042,0.374403339245154,0.402548299061178,-0.0847526192217095,0.562125089368251,0.404729596585007,-0.134603899600318
USF2,1.45941535863482,0.0142978470588876,0.192084739176071,-0.633168923691005,-0.958382247449088,-1.77771255076617,-1.9860394713676,-1.20596778170097,0.266356003991415,0.29065354817239,-1.46775762446498,-0.361423870220078,-1.51715879040805,0.856028166047796,1.05592494684715,-0.455113999476122,1.24000105794983,-0.764718647041111,0.209911990301619,0.0934312714385412,0.603461590526774,0.213131584073962,0.216761958770279,0.549056682706217,0.346858863039601,0.830947030671324,0.754416648585722,-0.305330454371019,0.202062326430596
WT1,0.661613314023029,-0.668796493901447,0.326398389418986,0.0615353602312122,-0.109450228089359,-0.592421068657647,0.250974644407079,-0.215257165740074,-0.370749314250956,-0.682349765317085,-0.201603920159394,0.547559360641861,-0.75896000688579,0.267570966768528,-0.808300292475505,0.568777815339702,-0.195467098097011,-0.4546424680288,0.0393378617469201,-0.338316620618738,0.542785030381002,-0.0853066854942427,-0.170697114556098,0.0339070486416707,-1.03032532674705,1.02033786889075,0.844349024543243,-0.303662982322347,0.467594035545924
YY1,1.44649027217859,1.29345813937763,1.27301188853802,1.5848772479082,0.712302816150581,1.43973326417204,1.25661109181649,1.28583281721772,-0.811276988170705,-0.226930631338476,0.791247720423248,1.20757372786951,1.66328658388381,-1.46174978628988,-0.285669310449891,-1.44022525721805,-0.3359893717605,2.36194763619784,1.46894929445534,0.709315272522656,1.6097969971039,-2.88518070201618,-2.1852906320758,-2.07090658710841,-2.30908939344799,0.438349027123266,0.201851951290947,0.744818165760643,1.12462266729604
ZBTB7A,1.84442857187684,0.796644041355531,2.82704212774387,2.43594889135347,6.01650978969974,5.43061484203802,5.92865779274673,7.26167936071048,-4.26198663276756,-2.06892882526545,0.290934209783553,-1.12960988338874,0.760159722364567,-4.88879426116744,-4.53753131444453,-1.62711734521494,-3.358891395728,2.42762903722053,4.1808186659878,3.07702083647247,1.26530294137064,-4.56827503984986,-4.18737607601426,-2.45579993992199,-3.49967916253084,1.29509168422879,0.615829394076895,3.98341395266338,0.796204478080002
ZEB2,-2.73586217263734,-1.57125283464207,-1.21271060043601,-1.90798976455279,1.97505987491975,2.72027288991553,2.10559067390547,2.20657174985564,-1.96968508170042,-1.31657629244609,1.90075439904979,1.78654395653478,2.70594576298002,-2.59439575308797,-2.55230759199936,1.25527191825226,-2.31578665134168,0.503344445683981,0.645796091908369,1.09617736069292,1.02352090883815,-0.0117558083909034,-0.556343838075551,-1.78228402570698,-1.15517370183613,1.33889699034495,1.72028953132425,2.02031817944129,0.780615327920039
ZFX,1.73581365783921,0.580793282360017,0.944467586579254,1.0856568713749,0.165373883230629,-1.29185970387262,-0.187097495674874,0.448506169226575,-0.988354576556603,-0.819756877010116,-0.580839349164145,-2.12197240547484,-1.18207971313085,1.28258479667563,0.237160186789719,-3.22555103067784,0.160201810733502,-0.36792966108467,-0.885205140475721,-0.75305302461434,-2.02149657758052,2.05746533392305,2.84069078933797,2.86052371903414,2.20778542681302,-1.27051254434008,-2.78364859442421,-2.70198184967977,-2.03050491940875
ZKSCAN1,-0.206656268956101,0.669677054267545,0.0476937414516858,0.271040254677709,-1.82798593687413,-2.08524844420475,-3.21379931092301,-2.89243711996412,2.59274582418596,1.91166140760446,-0.927573280716213,0.348336846155663,-1.98897439531434,2.22364524589833,2.34103226903358,1.4879312950461,2.61302757812116,-2.14781498525381,-2.11220012717005,-0.991925944687134,-0.670720857580151,1.74736660967422,1.79948489440261,1.11524818359755,1.57546158420494,-2.72108814874452,-1.13747953652615,-2.55579314548904,-1.96823310338223
ZNF143,1.42545528900506,1.10341340572335,0.408315871933718,1.62777150808818,-1.65424061676665,-1.47390240587192,-1.59059767927922,-1.19740317889492,0.57465344758366,1.61022302515537,0.199459161576039,-0.959183404876637,-1.06047278806512,1.37307291036811,0.925392759564032,-2.3119414085354,0.826929207544243,-0.442680752558503,-1.35486808318365,-1.79708037022198,-1.42824745288563,0.454206906917568,1.12479602856904,0.851961885110759,1.46179258598929,-0.0313122770911737,-0.8605012380951,-0.535248274282096,-0.0706010342684055
ZNF263,1.2007179608319,1.08654774118908,3.36561394588705,3.13449564375862,5.49293165729941,7.39479132011324,6.74522941607066,7.93383898782803,-7.23490057506021,-5.18666330201876,-0.734872249854223,-2.28781022089256,2.005700700843,-5.38311683325881,-7.01053239631827,-2.59350480257418,-5.5124716914204,-0.119011895651966,4.27456619120537,2.27380491506834,1.1446445833077,-3.64718728967592,-3.03695202905805,-1.55373675299153,-1.58239992632094,2.16892900541366,1.85321266452758,6.18357686495352,2.02680001923145
ZNF384,3.7283642914275,1.36421338585631,2.41572281144509,2.42378815683759,-3.25213453405055,-4.66240930887928,-3.61903861523107,-2.53809412644154,4.8684908652004,2.57951450741466,-2.82060646827899,-1.91243316629139,-3.72374643692989,4.90374386112187,3.75999177838111,-2.33179370987991,3.40966708605072,-2.45164122419861,-3.60794640092856,-2.98051362186904,-3.44078277017342,2.87222198367441,2.59558680950917,3.11030183650435,2.948347557153,-2.28989419607415,-4.51890791432464,-5.58400592407948,-3.95057271452355
ZNF639,-1.46004055749519,-1.03705069457571,-1.14945952750217,-1.90368230032341,0.0762950783293874,0.667936458554215,0.151741119418679,-0.559915822835944,1.78228273629997,0.440114751921821,1.28119662663523,1.92457479561987,1.2352371571573,0.403658770262611,1.1683004273299,3.63018105547537,0.187326085786862,-0.601139429496835,-0.572083606027841,-0.504515401364155,-0.330271303277092,-0.796691342063805,-2.3220854355518,-2.65599891803333,-2.44342827612768,0.426151450477953,1.19663027767439,0.127257862697828,0.162141467116053
ZNF740,0.64277425646405,-0.529805951467886,-0.703812734173569,-0.537739352805021,-1.66994958467134,-1.80779886548304,-1.48600506118548,-1.12354358613535,1.13743119182047,0.0312653740706446,-0.111729057926418,-0.482977636884145,-1.22924035386219,1.64734413551638,1.50588715969611,-1.31696608739722,0.686632942429405,-0.982555990029813,-1.61507850505597,-0.158122376755049,-0.812466968731421,2.60248409474093,1.80741626774954,2.21784521326938,2.05528874111227,-0.0261892439646579,-1.52084563618646,-1.88579171004363,-1.30100523176236
